2025-06-22 02:26:52,https://www.coursera.org/,0.0,intervene,0,Hey there! Let's refocus on educational content.,The student is on a site with unknown educational value and has a heavy distraction browsing pattern. Immediate intervention is needed to steer them back on track.,high,True,"{""inappropriate"": false, ""category"": null, ""confidence"": 0.95, ""description"": ""Screenshot of an educational platform offering online courses."", ""action_needed"": null}","{""pattern"": ""heavy_distraction"", ""trend"": ""declining"", ""focus_score"": 8.983050847457626, ""educational_ratio"": 0.03389830508474576, ""distraction_ratio"": 0.6779661016949152, ""site_switches"": 6, ""unique_sites"": 4, ""total_entries"": 59}",0,0,0
2025-06-22 02:27:34,https://www.google.com/search?client=firefox-b-d&q=men+kissing&sei=SKJXaKn4PMfikPIP4PKVqA4,0.0,warn,5,Hey there! Remember to stay focused on educational content.,The current site may be distracting and not educational. A gentle reminder can help steer the student back on track.,medium,True,"{""inappropriate"": false, ""category"": null, ""confidence"": 0.9, ""description"": ""The screenshot shows search results for 'men kissing' with various images of men kissing."", ""action_needed"": ""No action needed.""}","{""pattern"": ""heavy_distraction"", ""trend"": ""declining"", ""focus_score"": 8.596491228070175, ""educational_ratio"": 0.05263157894736842, ""distraction_ratio"": 0.631578947368421, ""site_switches"": 8, ""unique_sites"": 5, ""total_entries"": 57}",0,0,1
2025-06-22 02:28:09,https://www.youtube.com/watch?v=OxHUiHwMABs,0.0,warn,10,Hey there! Remember to stay focused on educational content.,The student is on a heavily distracting site with no educational value. A gentle reminder is needed to steer them back on track.,medium,True,"{""inappropriate"": false, ""category"": null, ""confidence"": 0.9, ""description"": ""The screenshot shows a YouTube video titled 'HOW TO GAY KISS (ft. my straight friend)' with related video suggestions. No explicit, violent, or inappropriate content for educational purposes is visible."", ""action_needed"": ""No action needed""}","{""pattern"": ""heavy_distraction"", ""trend"": ""declining"", ""focus_score"": 8.421052631578947, ""educational_ratio"": 0.05263157894736842, ""distraction_ratio"": 0.6140350877192983, ""site_switches"": 9, ""unique_sites"": 5, ""total_entries"": 57}",0,1,1
2025-06-22 02:28:39,https://www.youtube.com/watch?v=77j9j0eEd4E,0.0,intervene,0,Let's refocus on educational content.,The video on 'DIRTIEST Hits In NHL History' is not suitable for your current learning goals.,high,True,"{""inappropriate"": true, ""category"": ""Violence or disturbing imagery"", ""confidence"": 0.9, ""description"": ""The video titled 'DIRTIEST Hits In NHL History' suggests content related to violent sports incidents."", ""action_needed"": ""Review video content for appropriateness in an educational setting.""}","{""pattern"": ""heavy_distraction"", ""trend"": ""declining"", ""focus_score"": 8.392857142857142, ""educational_ratio"": 0.05357142857142857, ""distraction_ratio"": 0.6071428571428571, ""site_switches"": 9, ""unique_sites"": 5, ""total_entries"": 56}",0,2,1
2025-06-22 02:29:16,https://www.ted.com/,0.0,encourage,5,Great choice exploring TED Talks! Keep up the curiosity!,The student is on a potentially educational site with a focus score of 8.18. Positive reinforcement can help maintain their engagement.,low,True,"{""inappropriate"": false, ""category"": null, ""confidence"": 0.95, ""description"": ""Screenshot of a TED Talk webpage featuring a musical duet with AI."", ""action_needed"": ""None""}","{""pattern"": ""mixed_activity"", ""trend"": ""declining"", ""focus_score"": 8.181818181818182, ""educational_ratio"": 0.05454545454545454, ""distraction_ratio"": 0.5636363636363636, ""site_switches"": 10, ""unique_sites"": 6, ""total_entries"": 55}",0,2,2
2025-06-22 02:29:40,https://www.ted.com/,25.00946,encourage,5,Great job exploring TED for new ideas! Keep up the good work!,The student is on an educational site with a decent focus score. Positive reinforcement can help maintain their focus.,low,True,"{""inappropriate"": false, ""category"": null, ""confidence"": 0.95, ""description"": ""The screenshot shows a TED website with a membership pop-up."", ""action_needed"": null}","{""pattern"": ""mixed_activity"", ""trend"": ""declining"", ""focus_score"": 8.148148148148149, ""educational_ratio"": 0.05555555555555555, ""distraction_ratio"": 0.48148148148148145, ""site_switches"": 10, ""unique_sites"": 6, ""total_entries"": 54}",1,2,2
2025-06-22 02:30:07,https://www.youtube.com/shorts/aWCcJ7wIoSI,0.0,intervene,0,Let's redirect to more positive and educational content!,"The current video title suggests violent content, and the student's browsing patterns show a decline in focus. It's important to intervene quickly to steer them back on track.",high,True,"{""inappropriate"": true, ""category"": ""Violence or disturbing imagery"", ""confidence"": 0.9, ""description"": ""The screenshot shows a YouTube video titled 'Angry Elephant Attack On Lady' which suggests violent or disturbing content."", ""action_needed"": ""Block access to this content and monitor for similar searches.""}","{""pattern"": ""mixed_activity"", ""trend"": ""declining"", ""focus_score"": 7.962962962962964, ""educational_ratio"": 0.05555555555555555, ""distraction_ratio"": 0.48148148148148145, ""site_switches"": 11, ""unique_sites"": 6, ""total_entries"": 54}",2,2,2
2025-06-22 02:35:36,https://www.ted.com/education,0.0,encourage,5,Keep up the good work! Try exploring other educational resources.,"The student has just landed on a 404 error page, so a positive encouragement can help redirect their focus.",low,True,"{""inappropriate"": false, ""category"": null, ""confidence"": 0.95, ""description"": ""The screenshot shows a 404 error page from the TED website."", ""action_needed"": null}","{""pattern"": ""mixed_activity"", ""trend"": ""declining"", ""focus_score"": 8.125, ""educational_ratio"": 0.03125, ""distraction_ratio"": 0.59375, ""site_switches"": 6, ""unique_sites"": 4, ""total_entries"": 32}",0,0,0
2025-06-22 02:35:59,https://www.google.com/search?client=firefox-b-d&q=national+geographic,0.0,encourage,5,Great job looking up National Geographic! Keep up the curiosity!,The student is on an educational site and the browsing focus score is high.,low,True,"{""inappropriate"": false, ""category"": ""unknown"", ""confidence"": 0.5, ""description"": ""I'm unable to analyze the content of the screenshot as it appears to be blank or not visible. Please provide a different image or ensure the screenshot is properly uploaded."", ""action_needed"": ""none""}","{""pattern"": ""mixed_activity"", ""trend"": ""declining"", ""focus_score"": 8.055555555555555, ""educational_ratio"": 0.027777777777777776, ""distraction_ratio"": 0.5277777777777778, ""site_switches"": 7, ""unique_sites"": 4, ""total_entries"": 36}",1,0,0
2025-06-22 02:36:23,https://www.nationalgeographic.com/subscribe/topic/natgeo?cmpid=org=ngp::mc=cpc::src=pmax::cmp=acqq225_ngm::add=&gclsrc=aw.ds&gad_source=1&gad_campaignid=21250665839&gclid=EAIaIQobChMI3fby-7SEjgMVDTUIBR0AIiMMEAAYASAAEgJ7bvD_BwE,0.0,encourage,5,Great choice exploring National Geographic! Keep up the curious spirit!,"The student is on an educational site, although briefly. Positive reinforcement can help maintain focus.",low,True,"{""inappropriate"": false, ""category"": null, ""confidence"": 0.95, ""description"": ""The screenshot shows a National Geographic Magazine subscription page, which includes information about print and digital subscriptions."", ""action_needed"": null}","{""pattern"": ""mixed_activity"", ""trend"": ""declining"", ""focus_score"": 7.948717948717949, ""educational_ratio"": 0.02564102564102564, ""distraction_ratio"": 0.48717948717948717, ""site_switches"": 8, ""unique_sites"": 5, ""total_entries"": 39}",2,0,0
2025-06-22 02:36:59,https://www.nationalgeographic.com/subscribe/topic/natgeo?cmpid=org=ngp::mc=cpc::src=pmax::cmp=acqq225_ngm::add=&gclsrc=aw.ds&gad_source=1&gad_campaignid=21250665839&gclid=EAIaIQobChMI3fby-7SEjgMVDTUIBR0AIiMMEAAYASAAEgJ7bvD_BwE,24.184212,intervene,5,"I've noticed you seem very happy right now, which is great! Based on that, I'm redirecting you to an educational site to channel that positive energy into learning.",High happiness detected on an entertainment page. Redirecting to maintain productivity.,medium,True,"{""inappropriate"": false, ""category"": null, ""confidence"": 0.95, ""description"": ""The screenshot shows a National Geographic subscription page with information about print and digital options."", ""action_needed"": null}","{""pattern"": ""mixed_activity"", ""trend"": ""declining"", ""focus_score"": 8.181818181818182, ""educational_ratio"": 0.022727272727272728, ""distraction_ratio"": 0.4318181818181818, ""site_switches"": 8, ""unique_sites"": 5, ""total_entries"": 44}",3,0,0
2025-06-22 02:37:41,https://kids.nationalgeographic.com/,0.0,encourage,5,Great choice exploring National Geographic Kids! Keep up the curiosity!,The student is on an educational website and has a good focus score.,low,True,"{""inappropriate"": false, ""category"": null, ""confidence"": 0.95, ""description"": ""Screenshot of National Geographic Kids website featuring educational content about geckos."", ""action_needed"": ""None""}","{""pattern"": ""mixed_activity"", ""trend"": ""declining"", ""focus_score"": 8.72340425531915, ""educational_ratio"": 0.0, ""distraction_ratio"": 0.40425531914893614, ""site_switches"": 6, ""unique_sites"": 5, ""total_entries"": 47}",3,0,1
2025-06-22 02:38:05,https://www.youtube.com/,0.0,encourage,5,Great job exploring different sites! Remember to stay focused on your learning goals.,"The student's browsing patterns show a mix of activities, but their focus score is high. Positive reinforcement can help maintain their current focus.",low,True,"{""inappropriate"": true, ""category"": ""Social media during study time"", ""confidence"": 0.9, ""description"": ""The screenshot shows the YouTube homepage, which is a social media and entertainment platform."", ""action_needed"": ""Advise the student to focus on educational content or block access during study hours.""}","{""pattern"": ""mixed_activity"", ""trend"": ""declining"", ""focus_score"": 8.51063829787234, ""educational_ratio"": 0.0, ""distraction_ratio"": 0.3617021276595745, ""site_switches"": 7, ""unique_sites"": 5, ""total_entries"": 47}",4,0,1
2025-06-22 02:38:37,https://www.youtube.com/,23.928984,intervene,5,"I've noticed you seem very happy right now, which is great! Based on that, I'm redirecting you to an educational site to channel that positive energy into learning.",High happiness detected on an entertainment page. Redirecting to maintain productivity.,medium,True,"{""inappropriate"": true, ""category"": ""Social media during study time"", ""confidence"": 0.9, ""description"": ""The screenshot shows the YouTube homepage, which is a social media and entertainment site."", ""action_needed"": ""Advise the student to focus on educational content or block access during study hours.""}","{""pattern"": ""mixed_activity"", ""trend"": ""declining"", ""focus_score"": 8.541666666666666, ""educational_ratio"": 0.0, ""distraction_ratio"": 0.375, ""site_switches"": 7, ""unique_sites"": 5, ""total_entries"": 48}",5,0,1
2025-06-22 02:39:08,https://www.ted.com/,0.0,intervene,5,"I've noticed you seem very happy right now, which is great! Based on that, I'm redirecting you to an educational site to channel that positive energy into learning.",High happiness detected on an entertainment page. Redirecting to maintain productivity.,medium,True,"{""inappropriate"": false, ""category"": null, ""confidence"": 0.95, ""description"": ""Screenshot of a TED Talk webpage featuring a musical duet with AI."", ""action_needed"": null}","{""pattern"": ""mixed_activity"", ""trend"": ""declining"", ""focus_score"": 8.541666666666666, ""educational_ratio"": 0.0, ""distraction_ratio"": 0.375, ""site_switches"": 7, ""unique_sites"": 5, ""total_entries"": 48}",5,0,2
2025-06-22 02:39:38,https://www.nationalgeographic.com/education/,0.0,intervene,0,Let's focus on educational content. Redirecting you to a more relevant resource.,"The current site is showing an error message with no educational value. Your recent browsing patterns are mixed, but the focus score is high. It's important to steer you towards more productive content.",high,True,"{""inappropriate"": false, ""category"": null, ""confidence"": 0.95, ""description"": ""The screenshot shows a National Geographic webpage with an error message 'Something went wrong'. It includes links to various sections like Animals, History & Culture, and Science & Nature."", ""action_needed"": null}","{""pattern"": ""mixed_activity"", ""trend"": ""declining"", ""focus_score"": 8.571428571428571, ""educational_ratio"": 0.0, ""distraction_ratio"": 0.3673469387755102, ""site_switches"": 7, ""unique_sites"": 5, ""total_entries"": 49}",5,0,3
2025-06-22 02:40:15,https://learninglab.si.edu/,0.0,encourage,5,Great choice with the Smithsonian Learning Lab! Keep exploring and learning.,"The student is on an educational site with a good focus score, so positive reinforcement is appropriate.",low,True,"{""inappropriate"": false, ""category"": null, ""confidence"": 0.95, ""description"": ""The screenshot shows the Smithsonian Learning Lab website, which is an educational resource platform."", ""action_needed"": null}","{""pattern"": ""mixed_activity"", ""trend"": ""declining"", ""focus_score"": 8.36734693877551, ""educational_ratio"": 0.0, ""distraction_ratio"": 0.24489795918367346, ""site_switches"": 8, ""unique_sites"": 6, ""total_entries"": 49}",5,0,4
2025-06-22 02:40:39,https://learninglab.si.edu/,25.293846,encourage,5,Great job exploring the Smithsonian Learning Lab! Keep up the good work!,"Student is on an educational site, showing good focus score, and no recent warnings.",low,True,"{""inappropriate"": false, ""category"": null, ""confidence"": 0.95, ""description"": ""The screenshot shows the Smithsonian Learning Lab website, which is an educational resource."", ""action_needed"": null}","{""pattern"": ""mixed_activity"", ""trend"": ""declining"", ""focus_score"": 8.75, ""educational_ratio"": 0.0, ""distraction_ratio"": 0.20833333333333334, ""site_switches"": 6, ""unique_sites"": 6, ""total_entries"": 48}",6,0,4
2025-06-22 02:41:05,https://learninglab.si.edu/,49.475336,warn,5,"Because I'm sensing some frustration or sadness, I'm suggesting you take a short break. It can help to step away for a moment.",High negative emotions on an entertainment page. Suggesting a break.,high,True,"{""inappropriate"": false, ""category"": null, ""confidence"": 0.95, ""description"": ""The screenshot shows the Smithsonian Learning Lab website, which is an educational resource platform."", ""action_needed"": null}","{""pattern"": ""mixed_activity"", ""trend"": ""declining"", ""focus_score"": 8.823529411764707, ""educational_ratio"": 0.0, ""distraction_ratio"": 0.19607843137254902, ""site_switches"": 6, ""unique_sites"": 6, ""total_entries"": 51}",7,0,4
2025-06-22 02:41:38,https://learninglab.si.edu/,75.012348,intervene,5,"I've noticed you seem very happy right now, which is great! Based on that, I'm redirecting you to an educational site to channel that positive energy into learning.",High happiness detected on an entertainment page. Redirecting to maintain productivity.,medium,True,"{""inappropriate"": false, ""category"": null, ""confidence"": 0.95, ""description"": ""The screenshot shows the Smithsonian Learning Lab, an educational website."", ""action_needed"": null}","{""pattern"": ""mixed_activity"", ""trend"": ""declining"", ""focus_score"": 8.90909090909091, ""educational_ratio"": 0.0, ""distraction_ratio"": 0.18181818181818182, ""site_switches"": 6, ""unique_sites"": 6, ""total_entries"": 55}",7,1,4
2025-06-22 02:42:06,https://www.history.com/,0.0,encourage,3,Great job exploring history! Keep up the good work.,The student is on a history-related website and has a high focus score. Positive reinforcement can motivate continued engagement.,low,True,"{""inappropriate"": false, ""category"": null, ""confidence"": 0.95, ""description"": ""The screenshot shows a website with a pop-up about updated terms of use. The content appears to be related to history and educational topics."", ""action_needed"": null}","{""pattern"": ""mixed_activity"", ""trend"": ""declining"", ""focus_score"": 8.833333333333334, ""educational_ratio"": 0.0, ""distraction_ratio"": 0.16666666666666666, ""site_switches"": 7, ""unique_sites"": 7, ""total_entries"": 60}",7,1,5
2025-06-22 02:42:28,https://www.history.com/,21.46132,encourage,5,Great job exploring history! Keep up the good work!,"The student is on an educational website related to history. Their browsing focus score is high, and previous interventions have been mostly positive.",low,True,"{""inappropriate"": false, ""category"": null, ""confidence"": 0.95, ""description"": ""The screenshot shows a website with a terms of use update notification. The content appears to be related to history and educational topics."", ""action_needed"": null}","{""pattern"": ""mixed_activity"", ""trend"": ""declining"", ""focus_score"": 8.90625, ""educational_ratio"": 0.0, ""distraction_ratio"": 0.15625, ""site_switches"": 7, ""unique_sites"": 7, ""total_entries"": 64}",8,1,5
2025-06-22 02:42:53,https://www.history.com/,45.179043,encourage,5,Great job exploring history! Keep up the focus!,"The student has been on an educational site, showing focus. Positive reinforcement can help maintain this behavior.",low,True,"{""inappropriate"": false, ""category"": null, ""confidence"": 0.95, ""description"": ""The screenshot shows a website with a Terms of Use update notification. The content appears to be related to history and educational topics."", ""action_needed"": null}","{""pattern"": ""mixed_activity"", ""trend"": ""declining"", ""focus_score"": 8.970588235294118, ""educational_ratio"": 0.0, ""distraction_ratio"": 0.14705882352941177, ""site_switches"": 7, ""unique_sites"": 7, ""total_entries"": 68}",9,1,5
2025-06-22 02:43:17,https://www.history.com/,69.84803,encourage,5,Great job exploring history! Keep up the good work.,The student is on an educational site related to history and their focus score is high. Positive reinforcement is beneficial.,low,True,"{""inappropriate"": false, ""category"": null, ""confidence"": 0.95, ""description"": ""The screenshot shows a website with a terms of use update notification. The content appears to be related to history and educational topics."", ""action_needed"": ""None""}","{""pattern"": ""mixed_activity"", ""trend"": ""declining"", ""focus_score"": 9.027777777777779, ""educational_ratio"": 0.0, ""distraction_ratio"": 0.1388888888888889, ""site_switches"": 7, ""unique_sites"": 7, ""total_entries"": 72}",10,1,5
2025-06-22 02:43:41,https://www.history.com/,94.576646,encourage,5,Great job exploring history! Keep up the good work.,The student has been on an educational site for a decent amount of time and their focus score is high.,low,True,"{""inappropriate"": false, ""category"": null, ""confidence"": 0.95, ""description"": ""The screenshot shows a website with a pop-up about updated terms of use. The content appears to be related to history and educational topics."", ""action_needed"": null}","{""pattern"": ""mixed_activity"", ""trend"": ""declining"", ""focus_score"": 9.09090909090909, ""educational_ratio"": 0.0, ""distraction_ratio"": 0.12987012987012986, ""site_switches"": 7, ""unique_sites"": 7, ""total_entries"": 77}",11,1,5
2025-06-22 02:44:15,https://www.history.com/,127.806412,encourage,5,Great job exploring history! Keep up the focus!,The student has been on an educational site for a decent amount of time and has a high focus score. Positive reinforcement can help maintain this momentum.,low,True,"{""inappropriate"": false, ""category"": null, ""confidence"": 0.9, ""description"": ""The screenshot shows a website with a terms of use update notification. The content appears to be related to history and educational material."", ""action_needed"": ""None""}","{""pattern"": ""mixed_activity"", ""trend"": ""declining"", ""focus_score"": 9.146341463414634, ""educational_ratio"": 0.0, ""distraction_ratio"": 0.12195121951219512, ""site_switches"": 7, ""unique_sites"": 7, ""total_entries"": 82}",12,1,5
2025-06-22 02:44:40,https://www.history.com/,152.74325,encourage,5,Great job exploring history! Keep up the good work.,The student has been on an educational site for a decent amount of time and their focus score is high.,low,True,"{""inappropriate"": false, ""category"": null, ""confidence"": 0.95, ""description"": ""The screenshot shows a website with a pop-up about updated terms of use. The content appears to be related to history and educational topics."", ""action_needed"": null}","{""pattern"": ""mixed_activity"", ""trend"": ""declining"", ""focus_score"": 9.195402298850574, ""educational_ratio"": 0.0, ""distraction_ratio"": 0.11494252873563218, ""site_switches"": 7, ""unique_sites"": 7, ""total_entries"": 87}",13,1,5
2025-06-22 02:45:04,https://www.history.com/,177.019351,encourage,5,Great job exploring history! Keep up the focused work.,The student has been on an educational site for a decent amount of time with a high focus score. Positive reinforcement will encourage continued engagement.,low,True,"{""inappropriate"": false, ""category"": null, ""confidence"": 0.95, ""description"": ""The screenshot shows a website with a pop-up about updated terms of use. The content appears to be related to history and educational topics."", ""action_needed"": ""None""}","{""pattern"": ""mixed_activity"", ""trend"": ""declining"", ""focus_score"": 9.23076923076923, ""educational_ratio"": 0.0, ""distraction_ratio"": 0.10989010989010989, ""site_switches"": 7, ""unique_sites"": 7, ""total_entries"": 91}",14,1,5
2025-06-22 02:45:27,https://www.history.com/,200.853167,encourage,5,Great job exploring history! Keep up the good work!,The student has been on an educational site for a good amount of time and their focus score is high.,low,True,"{""inappropriate"": false, ""category"": null, ""confidence"": 0.9, ""description"": ""The screenshot shows a website with a pop-up about updated terms of use. The content appears to be related to history and educational topics."", ""action_needed"": null}","{""pattern"": ""mixed_activity"", ""trend"": ""declining"", ""focus_score"": 9.263157894736842, ""educational_ratio"": 0.0, ""distraction_ratio"": 0.10526315789473684, ""site_switches"": 7, ""unique_sites"": 7, ""total_entries"": 95}",15,1,5
2025-06-22 02:45:51,https://www.history.com/,224.049356,encourage,5,Great job staying focused on history! Keep up the good work!,The student has been on a history-related site for a decent amount of time with a high focus score.,low,True,"{""inappropriate"": false, ""category"": null, ""confidence"": 0.95, ""description"": ""The screenshot shows a website with a pop-up about updated terms of use. The site appears to be related to history content."", ""action_needed"": null}","{""pattern"": ""mixed_activity"", ""trend"": ""declining"", ""focus_score"": 9.278350515463918, ""educational_ratio"": 0.0, ""distraction_ratio"": 0.10309278350515463, ""site_switches"": 7, ""unique_sites"": 7, ""total_entries"": 97}",16,1,5
2025-06-22 02:46:24,https://www.history.com/,257.259099,encourage,5,Great job exploring historical content! Keep up the good work.,The student has been focused on a historical website for a decent amount of time and their browsing patterns show a strong focus score. Positive reinforcement can help maintain their engagement.,low,True,"{""inappropriate"": false, ""category"": null, ""confidence"": 0.95, ""description"": ""The screenshot shows a website with a terms of use update notification. It appears to be related to historical content."", ""action_needed"": null}","{""pattern"": ""mixed_activity"", ""trend"": ""declining"", ""focus_score"": 9.375, ""educational_ratio"": 0.0, ""distraction_ratio"": 0.10416666666666667, ""site_switches"": 6, ""unique_sites"": 6, ""total_entries"": 96}",17,1,5
2025-06-22 02:46:48,https://www.history.com/,281.231689,encourage,5,Great job exploring history! Keep up the good work.,The student has been on an educational site for a decent amount of time with a high focus score. Positive reinforcement can help maintain their motivation.,low,True,"{""inappropriate"": false, ""category"": null, ""confidence"": 0.95, ""description"": ""The screenshot shows a website with a pop-up about updated Terms of Use. The content appears to be related to history and educational topics."", ""action_needed"": ""No action needed""}","{""pattern"": ""mixed_activity"", ""trend"": ""declining"", ""focus_score"": 9.375, ""educational_ratio"": 0.0, ""distraction_ratio"": 0.10416666666666667, ""site_switches"": 6, ""unique_sites"": 6, ""total_entries"": 96}",18,1,5
2025-06-22 02:47:12,https://www.history.com/,304.93805,encourage,5,Great job exploring historical content! Keep up the focus!,The student has been on a history-related site for a decent amount of time with a high focus score. Positive reinforcement will help maintain their engagement.,low,True,"{""inappropriate"": false, ""category"": null, ""confidence"": 0.9, ""description"": ""The screenshot displays a website with a pop-up about updated Terms of Use. It appears to be related to historical content."", ""action_needed"": null}","{""pattern"": ""mixed_activity"", ""trend"": ""declining"", ""focus_score"": 9.375, ""educational_ratio"": 0.0, ""distraction_ratio"": 0.10416666666666667, ""site_switches"": 6, ""unique_sites"": 6, ""total_entries"": 96}",19,1,5
2025-06-22 02:47:36,https://www.history.com/,329.020451,encourage,5,Great job exploring history! Keep up the good work.,The student has been on a history-related site for a decent amount of time with a high focus score. Positive reinforcement will encourage continued engagement.,low,True,"{""inappropriate"": false, ""category"": null, ""confidence"": 0.95, ""description"": ""The screenshot shows a website with a pop-up about updated terms of use. The site appears to be related to history content."", ""action_needed"": null}","{""pattern"": ""mixed_activity"", ""trend"": ""declining"", ""focus_score"": 9.484536082474227, ""educational_ratio"": 0.0, ""distraction_ratio"": 0.10309278350515463, ""site_switches"": 5, ""unique_sites"": 6, ""total_entries"": 97}",20,1,5
2025-06-22 02:48:04,https://www.history.com/,353.7065,encourage,5,Great job exploring history! Keep up the good work.,The student has been on an educational site with a high focus score for a decent amount of time. Positive reinforcement will help maintain their engagement.,low,True,"{""inappropriate"": false, ""category"": null, ""confidence"": 0.95, ""description"": ""The screenshot shows a website with a pop-up about updated terms of use. The content appears to be related to history and educational topics."", ""action_needed"": null}","{""pattern"": ""mixed_activity"", ""trend"": ""declining"", ""focus_score"": 9.591836734693878, ""educational_ratio"": 0.0, ""distraction_ratio"": 0.09183673469387756, ""site_switches"": 4, ""unique_sites"": 5, ""total_entries"": 98}",21,1,5
2025-06-22 02:48:35,https://www.history.com/,388.434239,encourage,5,Great job exploring history! Keep up the focus!,The student has been on a history-related site for a decent amount of time with a high focus score.,low,True,"{""inappropriate"": false, ""category"": null, ""confidence"": 0.95, ""description"": ""The screenshot shows a website with a terms of use update notification. The site appears to be related to history content."", ""action_needed"": null}","{""pattern"": ""mixed_activity"", ""trend"": ""declining"", ""focus_score"": 9.587628865979381, ""educational_ratio"": 0.0, ""distraction_ratio"": 0.020618556701030927, ""site_switches"": 4, ""unique_sites"": 5, ""total_entries"": 97}",22,1,5
2025-06-22 02:48:59,https://www.history.com/,412.528662,encourage,5,Great job exploring history! Keep up the focused work.,"The student has been on an educational site for a decent amount of time, with a high focus score and stable browsing pattern.",low,True,"{""inappropriate"": false, ""category"": null, ""confidence"": 0.95, ""description"": ""The screenshot shows a website with a Terms of Use update notification. The content appears to be related to history and educational topics."", ""action_needed"": null}","{""pattern"": ""mixed_activity"", ""trend"": ""stable"", ""focus_score"": 9.693877551020408, ""educational_ratio"": 0.0, ""distraction_ratio"": 0.0, ""site_switches"": 3, ""unique_sites"": 4, ""total_entries"": 98}",23,1,5
2025-06-22 02:49:23,https://www.history.com/,436.066056,encourage,5,Great job exploring history! Keep up the good work!,The student has been on an educational site for a decent amount of time with a high focus score.,low,True,"{""inappropriate"": false, ""category"": null, ""confidence"": 0.95, ""description"": ""The screenshot shows a website with a pop-up about updated terms of use. The content appears to be related to history and educational topics."", ""action_needed"": null}","{""pattern"": ""mixed_activity"", ""trend"": ""stable"", ""focus_score"": 9.795918367346939, ""educational_ratio"": 0.0, ""distraction_ratio"": 0.0, ""site_switches"": 2, ""unique_sites"": 3, ""total_entries"": 98}",24,1,5
2025-06-22 02:49:48,https://www.history.com/,460.464567,encourage,5,Great job exploring history! Keep up the good work!,The student has been focused on a history website for a decent amount of time and the content is educational. Recent browsing patterns show stable focus. Positive reinforcement is appropriate.,low,True,"{""inappropriate"": false, ""category"": null, ""confidence"": 0.95, ""description"": ""The screenshot shows a website with a pop-up about updated terms of use. The content appears to be related to history and does not contain any inappropriate material."", ""action_needed"": null}","{""pattern"": ""mixed_activity"", ""trend"": ""stable"", ""focus_score"": 9.795918367346939, ""educational_ratio"": 0.0, ""distraction_ratio"": 0.0, ""site_switches"": 2, ""unique_sites"": 3, ""total_entries"": 98}",25,1,5
2025-06-22 02:50:11,https://www.history.com/,485.440428,encourage,5,Great job exploring history! Keep up the good work!,The student has been focused on an educational site for a decent amount of time with no major distractions. Positive reinforcement can help maintain their engagement.,low,True,"{""inappropriate"": false, ""category"": null, ""confidence"": 0.95, ""description"": ""The screenshot shows a website with a pop-up about updated terms of use. The content appears to be related to history and educational topics."", ""action_needed"": ""No action needed""}","{""pattern"": ""mixed_activity"", ""trend"": ""stable"", ""focus_score"": 9.89795918367347, ""educational_ratio"": 0.0, ""distraction_ratio"": 0.0, ""site_switches"": 1, ""unique_sites"": 2, ""total_entries"": 98}",26,1,5
2025-06-22 02:50:43,https://www.history.com/,516.668392,encourage,5,Great job exploring history! Keep up the focus.,The student has been on an educational site for a decent amount of time with a high focus score.,low,True,"{""inappropriate"": false, ""category"": null, ""confidence"": 0.95, ""description"": ""The screenshot shows a website with a pop-up about updated terms of use. The content appears to be related to history and educational topics."", ""action_needed"": null}","{""pattern"": ""mixed_activity"", ""trend"": ""stable"", ""focus_score"": 9.9, ""educational_ratio"": 0.0, ""distraction_ratio"": 0.0, ""site_switches"": 1, ""unique_sites"": 2, ""total_entries"": 100}",27,1,5
2025-06-22 02:51:06,https://www.history.com/,540.018613,encourage,5,Great job staying focused on history topics! Keep up the good work!,The student has been on an educational site with a high focus score for a decent amount of time. Positive reinforcement will encourage continued engagement.,low,True,"{""inappropriate"": false, ""category"": null, ""confidence"": 0.9, ""description"": ""The screenshot shows a website with a terms of use update notification. The content appears to be related to history and educational topics."", ""action_needed"": null}","{""pattern"": ""mixed_activity"", ""trend"": ""stable"", ""focus_score"": 9.9, ""educational_ratio"": 0.0, ""distraction_ratio"": 0.0, ""site_switches"": 1, ""unique_sites"": 2, ""total_entries"": 100}",28,1,5
2025-06-22 02:51:54,https://www.history.com/,0.0,intervene,0,Let's refocus on educational content. How about exploring a history topic that interests you?,"The current site has not been engaged with, and the content is unknown. It's best to redirect to more educational content.",medium,False,True,"{""inappropriate"": false, ""category"": null, ""confidence"": 0.95, ""description"": ""The screenshot shows a website related to history with a terms of use update notification."", ""action_needed"": null}","{""pattern"": ""mixed_activity"", ""trend"": ""stable"", ""focus_score"": 10.0, ""educational_ratio"": 0.0, ""distraction_ratio"": 0.0, ""site_switches"": 0, ""unique_sites"": 1, ""total_entries"": 96}",0,0,0
2025-06-22 02:52:32,https://www.smithsonianmag.com/,0.0,encourage,5,Great choice exploring Smithsonian Magazine! Keep up the curiosity!,The student is on a potentially educational site with a high focus score. Positive reinforcement can help maintain their engagement.,low,False,True,"{""inappropriate"": false, ""category"": null, ""confidence"": 0.95, ""description"": ""The screenshot shows a webpage from Smithsonian Magazine with articles related to history, science, and culture. There is an advertisement about car keys."", ""action_needed"": ""No action needed""}","{""pattern"": ""mixed_activity"", ""trend"": ""stable"", ""focus_score"": 9.789473684210526, ""educational_ratio"": 0.0, ""distraction_ratio"": 0.0, ""site_switches"": 2, ""unique_sites"": 3, ""total_entries"": 95}",0,0,1
2025-06-22 02:53:03,https://www.smithsonianmag.com/,25.188208,warn,5,"Because I'm sensing some frustration or sadness, I'm suggesting you take a short break. It can help to step away for a moment.",High negative emotions on an entertainment page. Suggesting a break.,high,True,True,"{""inappropriate"": false, ""category"": null, ""confidence"": 0.95, ""description"": ""Screenshot of Smithsonian Magazine webpage featuring articles on art, culture, and science."", ""action_needed"": null}","{""pattern"": ""mixed_activity"", ""trend"": ""stable"", ""focus_score"": 9.789473684210526, ""educational_ratio"": 0.0, ""distraction_ratio"": 0.0, ""site_switches"": 2, ""unique_sites"": 3, ""total_entries"": 95}",1,0,1
2025-06-22 02:53:35,https://www.smithsonianmag.com/,64.2567,encourage,5,Great job exploring Smithsonian Magazine! Keep up the curious mindset!,"The student is focused on an educational site, with a stable browsing pattern and no significant distractions.",low,False,True,"{""inappropriate"": false, ""category"": null, ""confidence"": 0.95, ""description"": ""Screenshot of Smithsonian Magazine website with articles on art, history, and science."", ""action_needed"": null}","{""pattern"": ""mixed_activity"", ""trend"": ""stable"", ""focus_score"": 9.787234042553191, ""educational_ratio"": 0.0, ""distraction_ratio"": 0.0, ""site_switches"": 2, ""unique_sites"": 3, ""total_entries"": 94}",1,1,1
2025-06-22 02:53:59,https://www.smithsonianmag.com/,88.315969,encourage,5,Great job exploring Smithsonian Magazine! Keep up the curiosity!,"The student is on a reputable educational site with a high focus score, no signs of inappropriate content, and has a stable browsing pattern.",low,False,True,"{""inappropriate"": false, ""category"": null, ""confidence"": 0.95, ""description"": ""The screenshot shows a webpage from Smithsonian Magazine with articles on art, culture, and science. There are no signs of inappropriate content."", ""action_needed"": ""No action needed""}","{""pattern"": ""mixed_activity"", ""trend"": ""stable"", ""focus_score"": 9.787234042553191, ""educational_ratio"": 0.0, ""distraction_ratio"": 0.0, ""site_switches"": 2, ""unique_sites"": 3, ""total_entries"": 94}",2,1,1
2025-06-22 02:54:30,https://www.smithsonianmag.com/,112.762375,warn,8,"Because I'm sensing some frustration or sadness, I'm suggesting you take a short break. It can help to step away for a moment.",High negative emotions on an entertainment page. Suggesting a break.,high,True,True,"{""inappropriate"": false, ""category"": null, ""confidence"": 0.95, ""description"": ""The screenshot shows the Smithsonian Magazine website with articles about art, culture, and science. There is no explicit, violent, gambling, or inappropriate content visible."", ""action_needed"": null}","{""pattern"": ""mixed_activity"", ""trend"": ""stable"", ""focus_score"": 9.787234042553191, ""educational_ratio"": 0.0, ""distraction_ratio"": 0.0, ""site_switches"": 2, ""unique_sites"": 3, ""total_entries"": 94}",3,1,1
2025-06-22 02:55:02,https://www.youtube.com/results?search_query=tinder,0.0,intervene,0,Inappropriate content detected. Redirecting to educational resources.,Detected: inappropriate keyword 'tinder' in URL,high,False,True,"{""inappropriate"": true, ""category"": ""Social media during study time"", ""confidence"": 0.9, ""description"": ""YouTube search page with 'tinder' in the search bar."", ""action_needed"": ""Monitor usage and provide guidance on appropriate study-time activities.""}","{""pattern"": ""mixed_activity"", ""trend"": ""declining"", ""focus_score"": 9.67741935483871, ""educational_ratio"": 0.0, ""distraction_ratio"": 0.010752688172043012, ""site_switches"": 3, ""unique_sites"": 4, ""total_entries"": 93}",3,2,1
2025-06-22 02:55:51,https://www.coursera.org/,0.0,intervene,5,"I've noticed you seem very happy right now, which is great! Based on that, I'm redirecting you to an educational site to channel that positive energy into learning.",High happiness detected on an entertainment page. Redirecting to maintain productivity.,medium,True,True,"{""inappropriate"": false, ""category"": null, ""confidence"": 1.0, ""description"": ""Screenshot of Coursera website offering educational courses."", ""action_needed"": null}","{""pattern"": ""mixed_activity"", ""trend"": ""stable"", ""focus_score"": 9.56989247311828, ""educational_ratio"": 0.03225806451612903, ""distraction_ratio"": 0.043010752688172046, ""site_switches"": 4, ""unique_sites"": 5, ""total_entries"": 93}",3,2,2
2025-06-22 02:56:43,https://www.edx.org/,0.0,intervene,3,"I've noticed you seem very happy right now, which is great! Based on that, I'm redirecting you to an educational site to channel that positive energy into learning.",High happiness detected on an entertainment page. Redirecting to maintain productivity.,medium,True,True,"{""inappropriate"": false, ""category"": null, ""confidence"": 1.0, ""description"": ""The screenshot shows an educational platform (edX) promoting online courses."", ""action_needed"": null}","{""pattern"": ""mixed_activity"", ""trend"": ""improving"", ""focus_score"": 9.456521739130435, ""educational_ratio"": 0.11956521739130435, ""distraction_ratio"": 0.043478260869565216, ""site_switches"": 5, ""unique_sites"": 6, ""total_entries"": 92}",3,2,3
2025-06-22 02:57:21,https://www.coursera.org/,0.0,encourage,5,Great job exploring Coursera! Keep up the good work!,The student's focus score is high and their browsing trend is improving. A quick encouragement can reinforce positive behavior.,low,False,True,"{""inappropriate"": false, ""category"": null, ""confidence"": 1.0, ""description"": ""The screenshot shows a Coursera webpage promoting online courses and sign-in options."", ""action_needed"": null}","{""pattern"": ""mixed_activity"", ""trend"": ""improving"", ""focus_score"": 9.340659340659341, ""educational_ratio"": 0.1978021978021978, ""distraction_ratio"": 0.04395604395604396, ""site_switches"": 6, ""unique_sites"": 6, ""total_entries"": 91}",3,2,4
2025-06-22 02:57:44,https://www.coursera.org/,23.360852,warn,8,Remember to stay focused on your learning goals!,Moderate distraction detected,medium,False,True,"{""inappropriate"": false, ""category"": null, ""confidence"": 0.95, ""description"": ""The screenshot shows an educational website (Coursera) offering courses and a sign-in prompt."", ""action_needed"": null}","{""pattern"": ""mixed_activity"", ""trend"": ""improving"", ""focus_score"": 9.340659340659341, ""educational_ratio"": 0.24175824175824176, ""distraction_ratio"": 0.04395604395604396, ""site_switches"": 6, ""unique_sites"": 6, ""total_entries"": 91}",4,2,4
2025-06-22 02:58:12,https://www.coursera.org/,49.722359,warn,8,Remember to stay focused on your learning goals!,Moderate distraction detected,medium,False,True,"{""inappropriate"": false, ""category"": null, ""confidence"": 1.0, ""description"": ""The screenshot shows a Coursera webpage offering educational courses."", ""action_needed"": null}","{""pattern"": ""mixed_activity"", ""trend"": ""improving"", ""focus_score"": 9.333333333333334, ""educational_ratio"": 0.28888888888888886, ""distraction_ratio"": 0.044444444444444446, ""site_switches"": 6, ""unique_sites"": 6, ""total_entries"": 90}",4,3,4
2025-06-22 02:58:38,https://www.coursera.org/,76.797253,encourage,5,Great job exploring Coursera! Keep up the good work.,The student is on an educational site with a focus score of 9.34 and improving browsing patterns.,low,False,True,"{""inappropriate"": false, ""category"": null, ""confidence"": 1.0, ""description"": ""The screenshot shows a Coursera webpage offering educational courses and a sign-in prompt."", ""action_needed"": null}","{""pattern"": ""mixed_activity"", ""trend"": ""improving"", ""focus_score"": 9.340659340659341, ""educational_ratio"": 0.34065934065934067, ""distraction_ratio"": 0.04395604395604396, ""site_switches"": 6, ""unique_sites"": 6, ""total_entries"": 91}",4,4,4
2025-06-22 02:59:04,https://www.coursera.org/,100.32398,encourage,5,Great job exploring Coursera! Keep up the good work!,The student is on an educational site with a high focus score and improving trend. Positive reinforcement will help maintain their engagement.,low,False,True,"{""inappropriate"": false, ""category"": null, ""confidence"": 1.0, ""description"": ""The screenshot shows an educational website, Coursera, offering courses and sign-in options."", ""action_needed"": null}","{""pattern"": ""mixed_activity"", ""trend"": ""improving"", ""focus_score"": 9.340659340659341, ""educational_ratio"": 0.38461538461538464, ""distraction_ratio"": 0.04395604395604396, ""site_switches"": 6, ""unique_sites"": 6, ""total_entries"": 91}",5,4,4
2025-06-22 02:59:38,https://www.coursera.org/,135.023689,encourage,5,Great job exploring Coursera! Keep up the good work!,The student is on an educational site with improving browsing patterns. Positive reinforcement can help maintain focus.,low,False,True,"{""inappropriate"": false, ""category"": null, ""confidence"": 1.0, ""description"": ""The screenshot shows a Coursera page with educational content and sign-in options."", ""action_needed"": null}","{""pattern"": ""mixed_activity"", ""trend"": ""improving"", ""focus_score"": 9.340659340659341, ""educational_ratio"": 0.45054945054945056, ""distraction_ratio"": 0.04395604395604396, ""site_switches"": 6, ""unique_sites"": 6, ""total_entries"": 91}",6,4,4
2025-06-22 03:00:01,https://www.coursera.org/,160.041584,encourage,5,Great job exploring Coursera! Keep up the focus!,The student has been on an educational site for a decent amount of time with a high focus score.,low,False,True,"{""inappropriate"": false, ""category"": null, ""confidence"": 1.0, ""description"": ""The screenshot shows a Coursera webpage promoting educational courses."", ""action_needed"": null}","{""pattern"": ""mixed_activity"", ""trend"": ""improving"", ""focus_score"": 9.333333333333334, ""educational_ratio"": 0.5, ""distraction_ratio"": 0.044444444444444446, ""site_switches"": 6, ""unique_sites"": 6, ""total_entries"": 90}",7,4,4
2025-06-22 03:00:26,https://www.coursera.org/,183.362895,encourage,5,Great job exploring Coursera! Keep up the focused learning!,The student has been on an educational site with improving focus. Positive reinforcement can help maintain their progress.,low,False,True,"{""inappropriate"": false, ""category"": null, ""confidence"": 1.0, ""description"": ""The screenshot shows a Coursera webpage promoting educational courses and a sign-in prompt."", ""action_needed"": null}","{""pattern"": ""mixed_activity"", ""trend"": ""improving"", ""focus_score"": 9.333333333333334, ""educational_ratio"": 0.5444444444444444, ""distraction_ratio"": 0.044444444444444446, ""site_switches"": 6, ""unique_sites"": 6, ""total_entries"": 90}",8,4,4
2025-06-22 03:00:50,https://www.coursera.org/,207.837836,encourage,5,Great job exploring Coursera! Keep up the focus.,The student has been on an educational site for a reasonable amount of time and their browsing patterns show improvement.,low,False,True,"{""inappropriate"": false, ""category"": null, ""confidence"": 0.95, ""description"": ""Screenshot of an educational platform (Coursera) offering courses and sign-in options."", ""action_needed"": null}","{""pattern"": ""mixed_activity"", ""trend"": ""improving"", ""focus_score"": 9.333333333333334, ""educational_ratio"": 0.5888888888888889, ""distraction_ratio"": 0.044444444444444446, ""site_switches"": 6, ""unique_sites"": 6, ""total_entries"": 90}",9,4,4
2025-06-22 03:01:14,https://www.coursera.org/,231.95869,encourage,5,Great job exploring Coursera! Keep up the focus!,The student is on an educational site with improving browsing patterns and a high focus score.,low,False,True,"{""inappropriate"": false, ""category"": null, ""confidence"": 0.95, ""description"": ""The screenshot shows a Coursera webpage promoting educational courses."", ""action_needed"": null}","{""pattern"": ""mixed_activity"", ""trend"": ""improving"", ""focus_score"": 9.333333333333334, ""educational_ratio"": 0.6333333333333333, ""distraction_ratio"": 0.044444444444444446, ""site_switches"": 6, ""unique_sites"": 6, ""total_entries"": 90}",10,4,4
2025-06-22 03:01:45,https://www.coursera.org/,264.116486,warn,8,Remember to stay focused on your learning goals!,Moderate distraction detected,medium,False,True,"{""inappropriate"": false, ""category"": null, ""confidence"": 1.0, ""description"": ""The screenshot shows a Coursera webpage promoting educational courses."", ""action_needed"": null}","{""pattern"": ""mixed_activity"", ""trend"": ""improving"", ""focus_score"": 9.46808510638298, ""educational_ratio"": 0.6595744680851063, ""distraction_ratio"": 0.0425531914893617, ""site_switches"": 5, ""unique_sites"": 5, ""total_entries"": 94}",11,4,4
2025-06-22 03:02:12,https://www.coursera.org/,290.710626,encourage,5,Great job exploring educational courses on Coursera! Keep up the good work!,The student is on a reputable educational site with a high focus score and improving trend in browsing patterns.,low,False,True,"{""inappropriate"": false, ""category"": null, ""confidence"": 1.0, ""description"": ""The screenshot shows a Coursera webpage promoting educational courses."", ""action_needed"": null}","{""pattern"": ""mixed_activity"", ""trend"": ""improving"", ""focus_score"": 9.587628865979381, ""educational_ratio"": 0.6907216494845361, ""distraction_ratio"": 0.041237113402061855, ""site_switches"": 4, ""unique_sites"": 4, ""total_entries"": 97}",11,5,4
2025-06-22 03:02:51,https://www.coursera.org/,0.0,encourage,5,Great choice! Keep up the focused learning!,Educational site detected,low,False,False,"{""description"": ""Fast mode - no screenshot analysis""}","{""pattern"": ""focused_study"", ""trend"": ""improving"", ""focus_score"": 9.574468085106384, ""educational_ratio"": 0.7553191489361702, ""distraction_ratio"": 0.0425531914893617, ""site_switches"": 4, ""unique_sites"": 4, ""total_entries"": 94}",0,0,0
2025-06-22 03:03:22,https://www.youtube.com/,0.0,warn,10,Hey there! Remember to stay focused on your study goals.,"The student has just landed on a distracting site with no educational value, despite showing improving focus in recent browsing patterns.",medium,False,True,"{""inappropriate"": true, ""category"": ""Social media during study time"", ""confidence"": 0.9, ""description"": ""The screenshot shows the homepage of YouTube, a social media and entertainment platform."", ""action_needed"": ""Advise student to focus on educational content or block access during study time.""}","{""pattern"": ""focused_study"", ""trend"": ""improving"", ""focus_score"": 9.361702127659575, ""educational_ratio"": 0.7553191489361702, ""distraction_ratio"": 0.06382978723404255, ""site_switches"": 6, ""unique_sites"": 5, ""total_entries"": 94}",1,0,0
2025-06-22 03:04:02,https://www.youtube.com/,28.485783,warn,5,"I sense some sadness while you're on 'YouTube'. Because of that, I recommend exploring a new educational resource like Coursera or Smithsonian Magazine to lift your spirits.",High negative emotions on an educational page. Offering a different resource.,high,True,True,"{""inappropriate"": true, ""category"": ""Social media during study time"", ""confidence"": 0.9, ""description"": ""The screenshot shows the YouTube homepage, which is a video streaming and social media platform."", ""action_needed"": ""Advise student to focus on educational content or block access during study hours.""}","{""pattern"": ""focused_study"", ""trend"": ""improving"", ""focus_score"": 9.368421052631579, ""educational_ratio"": 0.7473684210526316, ""distraction_ratio"": 0.12631578947368421, ""site_switches"": 6, ""unique_sites"": 5, ""total_entries"": 95}",1,1,0
2025-06-22 03:04:43,https://www.youtube.com/,70.315469,warn,5,"I sense you're feeling sad while on YouTube. To brighten your day, why not explore some fascinating courses on Coursera or read captivating articles on Smithsonian Magazine?",High negative emotions on an educational page. Offering a different resource.,high,True,True,"{""inappropriate"": true, ""category"": ""Social media during study time"", ""confidence"": 0.9, ""description"": ""The screenshot shows the YouTube homepage."", ""action_needed"": ""Advise student to focus on educational content or block access during study time.""}","{""pattern"": ""focused_study"", ""trend"": ""improving"", ""focus_score"": 9.368421052631579, ""educational_ratio"": 0.7473684210526316, ""distraction_ratio"": 0.2, ""site_switches"": 6, ""unique_sites"": 5, ""total_entries"": 95}",1,2,0
2025-06-22 03:05:24,https://www.youtube.com/,112.621103,encourage,8,It's wonderful to see you so happy exploring 'YouTube'! Keep up the positivity and enjoy your educational journey.,High happiness detected while on an educational page.,low,True,True,"{""inappropriate"": true, ""category"": ""Social media during study time"", ""confidence"": 0.9, ""description"": ""The screenshot shows the YouTube homepage, which is a social media and entertainment site."", ""action_needed"": ""Advise student to focus on educational content or block access during study hours.""}","{""pattern"": ""focused_study"", ""trend"": ""improving"", ""focus_score"": 9.484536082474227, ""educational_ratio"": 0.7319587628865979, ""distraction_ratio"": 0.24742268041237114, ""site_switches"": 5, ""unique_sites"": 4, ""total_entries"": 97}",1,3,0
2025-06-22 03:06:10,https://www.youtube.com/watch?v=YwkYh-qpFnw,0.0,encourage,10,It's wonderful to see you so happy while enjoying 'AFV's Funniest Dogs!  Best Puppy Fails - YouTube'! Keep up the positivity and enjoy the educational content.,High happiness detected while on an educational page.,low,True,True,"{""inappropriate"": true, ""category"": ""Gaming or entertainment sites during study time"", ""confidence"": 0.95, ""description"": ""The screenshot shows a YouTube page with a video titled 'AFV's Funniest Dogs! Best Puppy Fails' which is entertainment content."", ""action_needed"": ""Advise the student to focus on educational content during study time.""}","{""pattern"": ""mixed_activity"", ""trend"": ""improving"", ""focus_score"": 9.583333333333334, ""educational_ratio"": 0.6666666666666666, ""distraction_ratio"": 0.3125, ""site_switches"": 4, ""unique_sites"": 4, ""total_entries"": 96}",2,3,0
2025-06-22 03:06:55,https://www.youtube.com/watch?v=YwkYh-qpFnw,47.464485,warn,5,I see you're enjoying 'AFV's Funniest Dogs!  Best Puppy Fails - YouTube' and it's making you happy! Keep smiling and have a great time exploring.,Test Message,low,True,True,"{""inappropriate"": true, ""category"": ""Gaming or entertainment sites during study time"", ""confidence"": 0.9, ""description"": ""The screenshot shows YouTube with searches for funny videos, which is entertainment content."", ""action_needed"": ""Advise student to focus on educational content during study time.""}","{""pattern"": ""mixed_activity"", ""trend"": ""stable"", ""focus_score"": 9.690721649484535, ""educational_ratio"": 0.5979381443298969, ""distraction_ratio"": 0.38144329896907214, ""site_switches"": 3, ""unique_sites"": 4, ""total_entries"": 97}",3,3,0
2025-06-22 03:07:37,https://www.coolmathgames.com/0-papas-freezeria,0.0,warn,10,It's wonderful to see you enjoying 'Papa's Freezeria' on Coolmath Games! Keep spreading those positive vibes as you play!,Test Message,low,True,True,"{""inappropriate"": true, ""category"": ""Gaming or entertainment sites during study time"", ""confidence"": 0.95, ""description"": ""The screenshot shows a gaming website (Coolmath Games) with options for various games."", ""action_needed"": ""Block access to gaming sites during study hours.""}","{""pattern"": ""mixed_activity"", ""trend"": ""stable"", ""focus_score"": 9.591836734693878, ""educational_ratio"": 0.5306122448979592, ""distraction_ratio"": 0.3877551020408163, ""site_switches"": 4, ""unique_sites"": 4, ""total_entries"": 98}",3,4,0
2025-06-22 03:08:14,https://www.coolmathgames.com/0-papas-freezeria,45.295899,warn,8,Remember to stay focused on your learning goals!,Moderate distraction detected,medium,False,True,"{""inappropriate"": true, ""category"": ""Gaming or entertainment sites during study time"", ""confidence"": 0.95, ""description"": ""The screenshot shows a gaming website (Coolmath Games) which is not suitable for study time."", ""action_needed"": ""Block access to gaming sites during study hours.""}","{""pattern"": ""mixed_activity"", ""trend"": ""stable"", ""focus_score"": 9.595959595959595, ""educational_ratio"": 0.4444444444444444, ""distraction_ratio"": 0.3838383838383838, ""site_switches"": 4, ""unique_sites"": 4, ""total_entries"": 99}",3,5,0
2025-06-22 03:08:59,https://www.coolmathgames.com/0-papas-freezeria,0.0,warn,10,Hey there! Remember to stay focused on your tasks.,"The student is on a gaming website with no educational value, and their recent browsing patterns show mixed activity.",low,False,True,"{""inappropriate"": true, ""category"": ""Gaming or entertainment sites during study time"", ""confidence"": 0.95, ""description"": ""The screenshot shows a gaming website called Coolmath Games."", ""action_needed"": ""Restrict access to gaming sites during study hours.""}","{""pattern"": ""mixed_activity"", ""trend"": ""stable"", ""focus_score"": 9.583333333333334, ""educational_ratio"": 0.3854166666666667, ""distraction_ratio"": 0.3958333333333333, ""site_switches"": 4, ""unique_sites"": 4, ""total_entries"": 96}",0,0,0
2025-06-22 03:09:49,https://www.google.com/search?q=monster+hunter+wilds+negative+reviews&sca_esv=b0a6a50bf49897c6&source=hp&ei=DKxXaOqlN4u30PEPnKXx8A4&iflsig=AOw8s4IAAAAAaFe6HGdnHJpxN7oRc2pMtarRkW40_PtU&gs_ss=1&oq=&gs_lp=Egdnd3Mtd2l6IgAqAggAMgoQABgDGOoCGI8BMgoQABgDGOoCGI8BMgoQABgDGOoCGI8BMgoQABgDGOoCGI8BMgoQABgDGOoCGI8BMgoQABgDGOoCGI8BMgoQLhgDGOoCGI8BMgoQABgDGOoCGI8BMgoQABgDGOoCGI8BMgoQABgDGOoCGI8BSMgOUABYAHABeACQAQCYAQCgAQCqAQC4AQHIAQCYAgGgAguoAgqYAwvxBReiYRP0cudCkgcBMaAHALIHALgHAMIHAzMtMcgHCQ&sclient=gws-wiz&sei=EaxXaLukFKGmptQPwZXTuA0,0.0,intervene,5,I see you're in a good mood while checking out 'monster hunter wilds negative reviews - Google Search'! Let's channel that positive energy into something fun and productive. How about exploring a new game or video on YouTube? Keep enjoying your day!,High happiness detected on an entertainment page. Redirecting to maintain productivity.,medium,True,True,"{""inappropriate"": true, ""category"": ""Gaming or entertainment sites during study time"", ""confidence"": 0.9, ""description"": ""The screenshot shows a Google search for 'Monster Hunter Wilds negative reviews' with results from Reddit, indicating a focus on gaming content."", ""action_needed"": ""Advise the student to focus on educational content during study time.""}","{""pattern"": ""mixed_activity"", ""trend"": ""stable"", ""focus_score"": 9.473684210526315, ""educational_ratio"": 0.3157894736842105, ""distraction_ratio"": 0.4, ""site_switches"": 5, ""unique_sites"": 4, ""total_entries"": 95}",0,1,0
2025-06-22 03:10:44,https://www.nationalgeographic.com/,0.0,warn,5,I sense you're feeling sad while browsing 'National Geographic | National Geographic'. How about taking a break and doing something that brings you joy?,High negative emotions on an entertainment page. Suggesting a break.,high,True,True,"{""inappropriate"": false, ""category"": null, ""confidence"": 0.95, ""description"": ""Screenshot of National Geographic website featuring articles on history, culture, health, and science."", ""action_needed"": null}","{""pattern"": ""mixed_activity"", ""trend"": ""stable"", ""focus_score"": 9.368421052631579, ""educational_ratio"": 0.21052631578947367, ""distraction_ratio"": 0.4, ""site_switches"": 6, ""unique_sites"": 5, ""total_entries"": 95}",0,1,1
2025-06-22 04:38:41,https://www.google.com/,0.0,encourage,5,Great start! Keep up the focus.,The student is on a popular search engine site and has a perfect focus score. Positive reinforcement can help maintain this level of engagement.,low,False,True,"{""inappropriate"": false, ""category"": null, ""confidence"": 1.0, ""description"": ""The screenshot shows the Google homepage with a sign-in prompt."", ""action_needed"": null}","{""pattern"": ""mixed_activity"", ""trend"": ""stable"", ""focus_score"": 10.0, ""educational_ratio"": 0.0, ""distraction_ratio"": 0.0, ""site_switches"": 0, ""unique_sites"": 1, ""total_entries"": 2}",0,0,0
2025-06-22 04:39:05,https://www.google.com/,25.376864,encourage,5,Great job staying focused on your work!,The student has a high focus score and no previous warnings. Encouragement will help maintain their positive momentum.,low,False,True,"{""inappropriate"": false, ""category"": null, ""confidence"": 1.0, ""description"": ""The screenshot shows the Google homepage with a sign-in prompt."", ""action_needed"": null}","{""pattern"": ""mixed_activity"", ""trend"": ""stable"", ""focus_score"": 10.0, ""educational_ratio"": 0.0, ""distraction_ratio"": 0.0, ""site_switches"": 0, ""unique_sites"": 1, ""total_entries"": 6}",1,0,0
2025-06-22 04:39:29,https://www.google.com/,48.819532,warn,8,Remember to stay focused on your learning goals!,Moderate distraction detected,medium,False,True,"{""inappropriate"": false, ""category"": null, ""confidence"": 1.0, ""description"": ""Screenshot of the Google homepage with a sign-in prompt."", ""action_needed"": null}","{""pattern"": ""mixed_activity"", ""trend"": ""stable"", ""focus_score"": 10.0, ""educational_ratio"": 0.0, ""distraction_ratio"": 0.0, ""site_switches"": 0, ""unique_sites"": 1, ""total_entries"": 10}",2,0,0
2025-06-22 04:40:10,https://www.google.com/,83.574932,warn,5,"I sense you're feeling sad while browsing 'Google'. To help lift your spirits, I recommend taking a short break from the screen.",High negative emotions on an entertainment page. Suggesting a break.,high,True,True,"{""inappropriate"": false, ""category"": null, ""confidence"": 1.0, ""description"": ""Screenshot of the Google homepage with a sign-in prompt."", ""action_needed"": null}","{""pattern"": ""mixed_activity"", ""trend"": ""stable"", ""focus_score"": 10.0, ""educational_ratio"": 0.0, ""distraction_ratio"": 0.0, ""site_switches"": 0, ""unique_sites"": 1, ""total_entries"": 17}",2,1,0
2025-06-22 04:40:52,https://www.google.com/search?client=firefox-b-d&sca_esv=b0a6a50bf49897c6&q=gaming&udm=2&fbs=AIIjpHxU7SXXniUZfeShr2fp4giZ1Y6MJ25_tmWITc7uy4KIeioyp3OhN11EY0n5qfq-zEMNIp8LUgCyfMBh3p2QSOggsatznFh8KsGHOpPLfsyNlCrbM1Kerf33ozAlgAHwYvHJ6pisiHHUyVdXTqj8Dm28KQD1CvoYxXGhNz5Gag2FRV1Kv_XQf_HB2obmKRd2QBOV1neQ1vpDIy9mY4cNh6OuPv8N_Q&sa=X&ved=2ahUKEwikxJTg0ISOAxWnweYEHWFHBowQtKgLKAF6BAgmEAE&biw=1280&bih=668&dpr=2#vhid=C16dY3faxEUkoM&vssid=mosaic,0.0,intervene,5,It's wonderful to see you so happy exploring 'gaming - Google Search'! How about channeling that positive energy into a productive task?,High happiness detected on an entertainment page. Redirecting to maintain productivity.,medium,True,True,"{""inappropriate"": true, ""category"": ""Gaming or entertainment sites during study time"", ""confidence"": 0.9, ""description"": ""The screenshot shows a Google image search for gaming-related content."", ""action_needed"": ""Advise student to focus on educational content during study time.""}","{""pattern"": ""mixed_activity"", ""trend"": ""stable"", ""focus_score"": 10.0, ""educational_ratio"": 0.0, ""distraction_ratio"": 0.0, ""site_switches"": 0, ""unique_sites"": 1, ""total_entries"": 23}",2,2,0
2025-06-22 04:41:45,https://www.edx.org/,0.0,intervene,5,It's wonderful to see you're happy exploring 'Build new skills. Advance your career. | edX'! Let's keep this positive energy flowing.,High happiness detected on an entertainment page. Redirecting to maintain productivity.,medium,True,True,"{""inappropriate"": false, ""category"": null, ""confidence"": 1.0, ""description"": ""The screenshot shows an educational website promoting online courses."", ""action_needed"": null}","{""pattern"": ""mixed_activity"", ""trend"": ""improving"", ""focus_score"": 9.666666666666666, ""educational_ratio"": 0.03333333333333333, ""distraction_ratio"": 0.0, ""site_switches"": 1, ""unique_sites"": 2, ""total_entries"": 30}",2,2,1
