timestamp,timestamp_seconds,url,page_title,screenshot_path,ocr_summary,tab_count,search_query,page_content
2025-06-21 16:37:57,1750549077,https://www.google.com/,Google,screenshots/screenshot_1750549077.png,"About Store Gmail Images 338

Google

Google Search I'm Feeling Lucky

Advertising Business How Search works ®& Applying Al towards science and the environment Privacy Terms Settings
",1,,.L3eUgb{display:flex;flex-direction:column;height:100%}.o3j99{flex-shrink:0;box-sizing:border-box}.n1xJcf{height:60px}.LLD4me{min-height:150px;height:calc(100% - 560px);max-height:290px}.yr19Zb{min-height:92px}.mwht9d{display:none}.ADHj4e{padding-top:0px;padding-bottom:85px}.oWyZre{width:100%;height:500px;border-width:0}.qarstb{flex-grow:1}.Ne6nSd{display:flex;align-items:center;padding:6px}a.MV3Tnb{display:inline-block;padding:5px;margin:0 5px;color:var(--YLNNHc)}a.MV3Tnb:first-of-type{margin-left:15px}.LX3sZb{display:inline-block;flex-grow:1}AboutStoreGmailImagesSign in.LS8OJ{display:flex;flex-direction:column;align-items:center}.k1zIA{height:100%;margin-top:auto}.rSk4se{max-height:92px;position:relative}.lnXdpd{max-height:100%;max-width:100%;object-fit:contain;object-position:center bottom;width:auto}.om7nvf{padding:20px}.spch-dlg{background:transparent;border:none}.spch{background:var(--xhUGwc);height:100%;left:0;opacity:0;overflow:hidden;position:fixed;text-align:left;top:0;visibi
2025-06-21 16:38:03,1750549083,https://www.google.com/sorry/index?continue=https://www.google.com/search%3Fq%3Dyoutube%26sca_esv%3D8a6b27673d33207d%26source%3Dhp%26ei%3DVEJXaPHJEIeL0PEPuZaiyQM%26iflsig%3DAOw8s4IAAAAAaFdQZCqj_88aOLGxENsoyw_dMskNcjgK%26gs_ssp%3DeJzj4tTP1TewzEouKzZg9GKvzC8tKU1KBQA_-AaN%26oq%3Dyoutu%26gs_lp%3DEgdnd3Mtd2l6IgV5b3V0dSoCCAAyCxAuGIAEGLEDGIMBMggQABiABBixAzILEAAYgAQYsQMYgwEyCxAAGIAEGLEDGIMBMgsQABiABBixAxiDATILEAAYgAQYsQMYgwEyCxAAGIAEGLEDGIMBMgUQABiABDIFEAAYgAQyCBAAGIAEGLEDSIQVUABYmwJwAHgAkAEAmAGyAaABzwSqAQMxLjS4AQHIAQD4AQGYAgWgApIFwgIREC4YgAQYsQMY0QMYgwEYxwHCAg4QLhiABBixAxjRAxjHAcICCBAuGIAEGLEDwgIOEC4YgAQYsQMYxwEYrwGYAwCSBwMxLjSgB7c1sgcDMS40uAeSBcIHAzMtNcgHPA%26sclient%3Dgws-wiz%26sei%3DWEJXaKKxBrDx0PEPmde-mAQ&q=EhAmB_FABAAAEDGsl6jhH6-yGNiE3cIGIjD1YQsNRT4l_1_hySfqUOMIbuos9duv1s_Ud7rwfC_6nOcf6k_gCH7fnKkhfrEVkmgyAVJaAUM,https://www.google.com/search?q=youtube&sca_esv=8a6b27673d33207d&source=hp&ei=VEJXaPHJEIeL0PEPuZaiyQM&iflsig=AOw8s4IAAAAAaFdQZCqj_88aOLGxENsoyw_dMskNcjgK&gs_ssp=eJzj4tTP1TewzEouKzZg9GKvzC8tKU1KBQA_-AaN&oq=youtu&gs_lp=Egdnd3Mtd2l6IgV5b3V0dSoCCAAyCxAuGIAEGLEDGIMBMggQABiABBixAzILEAAYgAQYsQMYgwEyCxAAGIAEGLEDGIMBMgsQABiABBixAxiDATILEAAYgAQYsQMYgwEyCxAAGIAEGLEDGIMBMgUQABiABDIFEAAYgAQyCBAAGIAEGLEDSIQVUABYmwJwAHgAkAEAmAGyAaABzwSqAQMxLjS4AQHIAQD4AQGYAgWgApIFwgIREC4YgAQYsQMY0QMYgwEYxwHCAg4QLhiABBixAxjRAxjHAcICCBAuGIAEGLEDwgIOEC4YgAQYsQMYxwEYrwGYAwCSBwMxLjSgB7c1sgcDMS40uAeSBcIHAzMtNcgHPA&sclient=gws-wiz&sei=WEJXaKKxBrDx0PEPmde-mAQ,screenshots/screenshot_1750549083.png,"Select all squares with

motorcycles

If there are none, click skip

",1,EhAmB_FABAAAEDGsl6jhH6-yGNiE3cIGIjD1YQsNRT4l_1_hySfqUOMIbuos9duv1s_Ud7rwfC_6nOcf6k_gCH7fnKkhfrEVkmgyAVJaAUM,"<div style=""font-size:13px;""> In order to continue, please enable javascript on your web browser. </div> var submitCallback = function(response) {document.getElementById('captcha-form').submit();}; About this page Our systems have detected unusual traffic from your computer network. This page checks to see if it's really you sending the requests, and not a robot. Why did this happen? This page appears when Google automatically detects requests coming from your computer network which appear to be in violation of the Terms of Service. The block will expire shortly after those requests stop. In the meantime, solving the above CAPTCHA will let you continue to use our services.This traffic may have been sent by malicious software, a browser plug-in, or a script that sends automated requests. If you share your network connection, ask your administrator for help — a different computer using the same IP address may be responsible. Learn moreSometimes you may be asked to solve the CAPTCHA if yo"
2025-06-21 16:38:08,1750549088,https://www.google.com/sorry/index?continue=https://www.google.com/search%3Fq%3Dyoutube%26sca_esv%3D8a6b27673d33207d%26source%3Dhp%26ei%3DVEJXaPHJEIeL0PEPuZaiyQM%26iflsig%3DAOw8s4IAAAAAaFdQZCqj_88aOLGxENsoyw_dMskNcjgK%26gs_ssp%3DeJzj4tTP1TewzEouKzZg9GKvzC8tKU1KBQA_-AaN%26oq%3Dyoutu%26gs_lp%3DEgdnd3Mtd2l6IgV5b3V0dSoCCAAyCxAuGIAEGLEDGIMBMggQABiABBixAzILEAAYgAQYsQMYgwEyCxAAGIAEGLEDGIMBMgsQABiABBixAxiDATILEAAYgAQYsQMYgwEyCxAAGIAEGLEDGIMBMgUQABiABDIFEAAYgAQyCBAAGIAEGLEDSIQVUABYmwJwAHgAkAEAmAGyAaABzwSqAQMxLjS4AQHIAQD4AQGYAgWgApIFwgIREC4YgAQYsQMY0QMYgwEYxwHCAg4QLhiABBixAxjRAxjHAcICCBAuGIAEGLEDwgIOEC4YgAQYsQMYxwEYrwGYAwCSBwMxLjSgB7c1sgcDMS40uAeSBcIHAzMtNcgHPA%26sclient%3Dgws-wiz%26sei%3DWEJXaKKxBrDx0PEPmde-mAQ&q=EhAmB_FABAAAEDGsl6jhH6-yGNiE3cIGIjD1YQsNRT4l_1_hySfqUOMIbuos9duv1s_Ud7rwfC_6nOcf6k_gCH7fnKkhfrEVkmgyAVJaAUM,https://www.google.com/search?q=youtube&sca_esv=8a6b27673d33207d&source=hp&ei=VEJXaPHJEIeL0PEPuZaiyQM&iflsig=AOw8s4IAAAAAaFdQZCqj_88aOLGxENsoyw_dMskNcjgK&gs_ssp=eJzj4tTP1TewzEouKzZg9GKvzC8tKU1KBQA_-AaN&oq=youtu&gs_lp=Egdnd3Mtd2l6IgV5b3V0dSoCCAAyCxAuGIAEGLEDGIMBMggQABiABBixAzILEAAYgAQYsQMYgwEyCxAAGIAEGLEDGIMBMgsQABiABBixAxiDATILEAAYgAQYsQMYgwEyCxAAGIAEGLEDGIMBMgUQABiABDIFEAAYgAQyCBAAGIAEGLEDSIQVUABYmwJwAHgAkAEAmAGyAaABzwSqAQMxLjS4AQHIAQD4AQGYAgWgApIFwgIREC4YgAQYsQMY0QMYgwEYxwHCAg4QLhiABBixAxjRAxjHAcICCBAuGIAEGLEDwgIOEC4YgAQYsQMYxwEYrwGYAwCSBwMxLjSgB7c1sgcDMS40uAeSBcIHAzMtNcgHPA&sclient=gws-wiz&sei=WEJXaKKxBrDx0PEPmde-mAQ,screenshots/screenshot_1750549088.png,"L

About th

Our syste
rk. This ¢
d nota rc

IP addres
Time: 20.
URL: httt
73d3320
w8s4lAA
j4tTP1Te
gdnd3Mt
BBixAziL
BixAxiDA
ABDIFE/
GyAaAB:
YsQMYO
LEDwgIC
S40uAes
PEPmde

Select all squares with

motorcycles

",1,EhAmB_FABAAAEDGsl6jhH6-yGNiE3cIGIjD1YQsNRT4l_1_hySfqUOMIbuos9duv1s_Ud7rwfC_6nOcf6k_gCH7fnKkhfrEVkmgyAVJaAUM,"<div style=""font-size:13px;""> In order to continue, please enable javascript on your web browser. </div> var submitCallback = function(response) {document.getElementById('captcha-form').submit();}; About this page Our systems have detected unusual traffic from your computer network. This page checks to see if it's really you sending the requests, and not a robot. Why did this happen? This page appears when Google automatically detects requests coming from your computer network which appear to be in violation of the Terms of Service. The block will expire shortly after those requests stop. In the meantime, solving the above CAPTCHA will let you continue to use our services.This traffic may have been sent by malicious software, a browser plug-in, or a script that sends automated requests. If you share your network connection, ask your administrator for help — a different computer using the same IP address may be responsible. Learn moreSometimes you may be asked to solve the CAPTCHA if yo"
2025-06-21 16:38:14,1750549094,https://www.youtube.com/,YouTube,screenshots/screenshot_1750549094.png,,1,,Back Search
2025-06-21 16:38:20,1750549100,https://www.youtube.com/results?search_query=tinder,YouTube,screenshots/screenshot_1750549100.png,"= ™®) YouTube tinder KX Q u : @ Sign in

Home Shorts Videos = Unwatched = Watched Recently uploaded Live Trolling Tonimontana  Rizz Funny  Uzivo _—‘ Tutorial 2024 Filters

The Tinder Dating Alternative

Subscriptions Try a Tinder Alternative - Give Dating.com™ a Try and Get Matches in Any Location. Video Chat & Streams. Recommended!

ft
B Shorts
ica)

Sponsored - https://www.dating.com/dates/everywhere

@ You

nO) History

“Delete Tinder!” Dating Expert Exposes Gold Diggers, Red Flags, & Ultimat...",1,tinder,"Back Skip navigation Search Search with your voice Sign in Home Shorts Subscriptions You History Sign in to like videos, comment, and subscribe. Sign in Explore Trending Shopping Music Movies & TV Live Gaming News Sports Courses Fashion & Beauty Podcasts Playables More from YouTube YouTube Premium YouTube TV YouTube Music YouTube Kids Settings Report history Help Send feedback AboutPressCopyrightContact usCreatorsAdvertiseDevelopers TermsPrivacyPolicy & SafetyHow YouTube worksTest new featuresNFL Sunday Ticket © 2025 Google LLC Home Home Shorts Shorts Subscriptions Subscriptions You You History History Try searching to get started Start watching videos to help us build a feed of videos you'll love. SearchInfoShoppingTap to unmute2xIf playback doesn't begin shortly, try restarting your device.•You're signed outVideos you watch may be added to the TV's watch history and influence TV recommendations. To avoid this, cancel and sign in to YouTube on your computer.CancelConfirmShareInclude p"
2025-06-21 16:38:30,1750549110,https://www.khanacademy.org/,"Khan Academy | Free Online Courses, Lessons & Practice",screenshots/screenshot_1750549110.png,"| | Ns) Khan Academy Redirected to educational content: https://
www.khanacademy.org

Select gift frequency

| One time |

“Let’s get straight to it: Less than 1% of users donate to Khan Academy.

@ Monthly @ Yearly

If you believe that a free, world-class education can change lives, then we need
your help. With your support, Khan Academy could reach even more learners
and change even more lives. Will you join us?”

- Sal Khan, Founder and CEO sz 20 J

Select amount

By donating, you agree to ou...",1,,"Khan Academy boosts scores!Learn with millions of people worldwide by exploring videos, tackling practice problems and getting AI-powered support.Start learning today by signing up!I'm a learnerI'm a teacherI'm a parentAre you a district admin? Learn more of our offerings on our district page.Math: Pre-K - 8th gradePre-K through grade 2 (Khan Kids)Early math review2nd grade3rd grade4th grade5th grade6th grade7th grade8th grade3rd grade math (Illustrative Math-aligned)4th grade math (Illustrative Math-aligned)5th grade math (Illustrative Math-aligned)Basic geometry and measurementSee Pre-K - 8th grade MathMath: high school & collegeAlgebra 1GeometryAlgebra 2Integrated math 1Integrated math 2Integrated math 3Algebra basicsTrigonometryPrecalculusHigh school statisticsStatistics & probabilityCollege algebraAP®︎/College Calculus ABAP®︎/College Calculus BCAP®︎/College StatisticsMultivariable calculusDifferential equationsLinear algebraSee all MathMath: Get ready coursesGet ready for 3rd grad"
2025-06-21 16:38:37,1750549117,https://www.khanacademy.org/,"Khan Academy | Free Online Courses, Lessons & Practice",screenshots/screenshot_1750549117.png,"a a . .
Explore v Khan Academy Al for Teachers G Donate (3 Log in Sten | Redirected to educational content: https://

www.khanacademy.org

Select gift f y
Free to Use. Not Free to Make. ect gre regency

One time

“Let’s get straight to it: Less than 1% of users donate to Khan Academy.

If you believe that a free, world-class education can change lives, then we need
your help. With your support, Khan Academy could reach even more learners © Monthly @ Yearly
and change even more lives. Will you jo...",1,,"Khan Academy boosts scores!Learn with millions of people worldwide by exploring videos, tackling practice problems and getting AI-powered support.Start learning today by signing up!I'm a learnerI'm a teacherI'm a parentAre you a district admin? Learn more of our offerings on our district page.Math: Pre-K - 8th gradePre-K through grade 2 (Khan Kids)Early math review2nd grade3rd grade4th grade5th grade6th grade7th grade8th grade3rd grade math (Illustrative Math-aligned)4th grade math (Illustrative Math-aligned)5th grade math (Illustrative Math-aligned)Basic geometry and measurementSee Pre-K - 8th grade MathMath: high school & collegeAlgebra 1GeometryAlgebra 2Integrated math 1Integrated math 2Integrated math 3Algebra basicsTrigonometryPrecalculusHigh school statisticsStatistics & probabilityCollege algebraAP®︎/College Calculus ABAP®︎/College Calculus BCAP®︎/College StatisticsMultivariable calculusDifferential equationsLinear algebraSee all MathMath: Get ready coursesGet ready for 3rd grad"
2025-06-21 16:38:43,1750549123,https://www.khanacademy.org/,"Khan Academy | Free Online Courses, Lessons & Practice",screenshots/screenshot_1750549123.png,"a a . .
Explore v Khan Academy Al for Teachers G Donate (3 Log in Sten | Redirected to educational content: https://

www.khanacademy.org

Select gift f y
Free to Use. Not Free to Make. ect gre regency

One time

“Let’s get straight to it: Less than 1% of users donate to Khan Academy.

If you believe that a free, world-class education can change lives, then we need
your help. With your support, Khan Academy could reach even more learners © Monthly @ Yearly
and change even more lives. Will you jo...",2,,"Khan Academy boosts scores!Learn with millions of people worldwide by exploring videos, tackling practice problems and getting AI-powered support.Start learning today by signing up!I'm a learnerI'm a teacherI'm a parentAre you a district admin? Learn more of our offerings on our district page.Math: Pre-K - 8th gradePre-K through grade 2 (Khan Kids)Early math review2nd grade3rd grade4th grade5th grade6th grade7th grade8th grade3rd grade math (Illustrative Math-aligned)4th grade math (Illustrative Math-aligned)5th grade math (Illustrative Math-aligned)Basic geometry and measurementSee Pre-K - 8th grade MathMath: high school & collegeAlgebra 1GeometryAlgebra 2Integrated math 1Integrated math 2Integrated math 3Algebra basicsTrigonometryPrecalculusHigh school statisticsStatistics & probabilityCollege algebraAP®︎/College Calculus ABAP®︎/College Calculus BCAP®︎/College StatisticsMultivariable calculusDifferential equationsLinear algebraSee all MathMath: Get ready coursesGet ready for 3rd grad"
2025-06-21 16:38:50,1750549130,https://www.khanacademy.org/,"Khan Academy | Free Online Courses, Lessons & Practice",screenshots/screenshot_1750549130.png,"Explore w Khan Academy Al for Teachers a Donate [7 Log in } sienup |

Select gift f x
Free to Use. Not Free to Make. ect gre regency

One time

“Let’s get straight to it: Less than 1% of users donate to Khan Academy.

If you believe that a free, world-class education can change lives, then we need
your help. With your support, Khan Academy could reach even more learners © Monthly @ Yearly
and change even more lives. Will you join us?”

- Sal Khan, Founder and CEO Select amount

$12 $20 $30 $50 O...",2,,"Khan Academy boosts scores!Learn with millions of people worldwide by exploring videos, tackling practice problems and getting AI-powered support.Start learning today by signing up!I'm a learnerI'm a teacherI'm a parentAre you a district admin? Learn more of our offerings on our district page.Math: Pre-K - 8th gradePre-K through grade 2 (Khan Kids)Early math review2nd grade3rd grade4th grade5th grade6th grade7th grade8th grade3rd grade math (Illustrative Math-aligned)4th grade math (Illustrative Math-aligned)5th grade math (Illustrative Math-aligned)Basic geometry and measurementSee Pre-K - 8th grade MathMath: high school & collegeAlgebra 1GeometryAlgebra 2Integrated math 1Integrated math 2Integrated math 3Algebra basicsTrigonometryPrecalculusHigh school statisticsStatistics & probabilityCollege algebraAP®︎/College Calculus ABAP®︎/College Calculus BCAP®︎/College StatisticsMultivariable calculusDifferential equationsLinear algebraSee all MathMath: Get ready coursesGet ready for 3rd grad"
2025-06-21 16:38:57,1750549137,https://www.khanacademy.org/,"Khan Academy | Free Online Courses, Lessons & Practice",screenshots/screenshot_1750549137.png,"Explore w Khan Academy Al for Teachers a Donate [7 Log in } sienup |

Select gift f x
Free to Use. Not Free to Make. ect gre regency

One time

“Let’s get straight to it: Less than 1% of users donate to Khan Academy.

If you believe that a free, world-class education can change lives, then we need
your help. With your support, Khan Academy could reach even more learners © Monthly @ Yearly
and change even more lives. Will you join us?”

- Sal Khan, Founder and CEO Select amount

$12 $20 $30 $50 O...",2,,"Khan Academy boosts scores!Learn with millions of people worldwide by exploring videos, tackling practice problems and getting AI-powered support.Start learning today by signing up!I'm a learnerI'm a teacherI'm a parentAre you a district admin? Learn more of our offerings on our district page.Math: Pre-K - 8th gradePre-K through grade 2 (Khan Kids)Early math review2nd grade3rd grade4th grade5th grade6th grade7th grade8th grade3rd grade math (Illustrative Math-aligned)4th grade math (Illustrative Math-aligned)5th grade math (Illustrative Math-aligned)Basic geometry and measurementSee Pre-K - 8th grade MathMath: high school & collegeAlgebra 1GeometryAlgebra 2Integrated math 1Integrated math 2Integrated math 3Algebra basicsTrigonometryPrecalculusHigh school statisticsStatistics & probabilityCollege algebraAP®︎/College Calculus ABAP®︎/College Calculus BCAP®︎/College StatisticsMultivariable calculusDifferential equationsLinear algebraSee all MathMath: Get ready coursesGet ready for 3rd grad"
2025-06-21 16:39:04,1750549144,https://www.khanacademy.org/,"Khan Academy | Free Online Courses, Lessons & Practice",screenshots/screenshot_1750549144.png,"Explore w Khan Academy Al for Teachers a Donate [7 Log in } sienup |

Select gift f x
Free to Use. Not Free to Make. ect gre regency

One time

“Let’s get straight to it: Less than 1% of users donate to Khan Academy.

If you believe that a free, world-class education can change lives, then we need
your help. With your support, Khan Academy could reach even more learners © Monthly @ Yearly
and change even more lives. Will you join us?”

- Sal Khan, Founder and CEO Select amount

$12 $20 $30 $50 O...",2,,"Khan Academy boosts scores!Learn with millions of people worldwide by exploring videos, tackling practice problems and getting AI-powered support.Start learning today by signing up!I'm a learnerI'm a teacherI'm a parentAre you a district admin? Learn more of our offerings on our district page.Math: Pre-K - 8th gradePre-K through grade 2 (Khan Kids)Early math review2nd grade3rd grade4th grade5th grade6th grade7th grade8th grade3rd grade math (Illustrative Math-aligned)4th grade math (Illustrative Math-aligned)5th grade math (Illustrative Math-aligned)Basic geometry and measurementSee Pre-K - 8th grade MathMath: high school & collegeAlgebra 1GeometryAlgebra 2Integrated math 1Integrated math 2Integrated math 3Algebra basicsTrigonometryPrecalculusHigh school statisticsStatistics & probabilityCollege algebraAP®︎/College Calculus ABAP®︎/College Calculus BCAP®︎/College StatisticsMultivariable calculusDifferential equationsLinear algebraSee all MathMath: Get ready coursesGet ready for 3rd grad"
2025-06-21 16:39:11,1750549151,https://www.khanacademy.org/,"Khan Academy | Free Online Courses, Lessons & Practice",screenshots/screenshot_1750549151.png,"Explore w Khan Academy Al for Teachers a Donate [7 Log in } sienup |

Select gift f x
Free to Use. Not Free to Make. ect gre regency

One time

“Let’s get straight to it: Less than 1% of users donate to Khan Academy.

If you believe that a free, world-class education can change lives, then we need
your help. With your support, Khan Academy could reach even more learners © Monthly @ Yearly
and change even more lives. Will you join us?”

- Sal Khan, Founder and CEO Select amount

$12 $20 $30 $50 O...",2,,"Khan Academy boosts scores!Learn with millions of people worldwide by exploring videos, tackling practice problems and getting AI-powered support.Start learning today by signing up!I'm a learnerI'm a teacherI'm a parentAre you a district admin? Learn more of our offerings on our district page.Math: Pre-K - 8th gradePre-K through grade 2 (Khan Kids)Early math review2nd grade3rd grade4th grade5th grade6th grade7th grade8th grade3rd grade math (Illustrative Math-aligned)4th grade math (Illustrative Math-aligned)5th grade math (Illustrative Math-aligned)Basic geometry and measurementSee Pre-K - 8th grade MathMath: high school & collegeAlgebra 1GeometryAlgebra 2Integrated math 1Integrated math 2Integrated math 3Algebra basicsTrigonometryPrecalculusHigh school statisticsStatistics & probabilityCollege algebraAP®︎/College Calculus ABAP®︎/College Calculus BCAP®︎/College StatisticsMultivariable calculusDifferential equationsLinear algebraSee all MathMath: Get ready coursesGet ready for 3rd grad"
2025-06-21 16:39:18,1750549158,https://www.khanacademy.org/,"Khan Academy | Free Online Courses, Lessons & Practice",screenshots/screenshot_1750549158.png,"Explore w Khan Academy Al for Teachers a Donate [7 Log in } sienup |

Select gift f x
Free to Use. Not Free to Make. ect gre regency

One time

“Let’s get straight to it: Less than 1% of users donate to Khan Academy.

If you believe that a free, world-class education can change lives, then we need
your help. With your support, Khan Academy could reach even more learners © Monthly @ Yearly
and change even more lives. Will you join us?”

- Sal Khan, Founder and CEO Select amount

$12 $20 $30 $50 O...",2,,"Khan Academy boosts scores!Learn with millions of people worldwide by exploring videos, tackling practice problems and getting AI-powered support.Start learning today by signing up!I'm a learnerI'm a teacherI'm a parentAre you a district admin? Learn more of our offerings on our district page.Math: Pre-K - 8th gradePre-K through grade 2 (Khan Kids)Early math review2nd grade3rd grade4th grade5th grade6th grade7th grade8th grade3rd grade math (Illustrative Math-aligned)4th grade math (Illustrative Math-aligned)5th grade math (Illustrative Math-aligned)Basic geometry and measurementSee Pre-K - 8th grade MathMath: high school & collegeAlgebra 1GeometryAlgebra 2Integrated math 1Integrated math 2Integrated math 3Algebra basicsTrigonometryPrecalculusHigh school statisticsStatistics & probabilityCollege algebraAP®︎/College Calculus ABAP®︎/College Calculus BCAP®︎/College StatisticsMultivariable calculusDifferential equationsLinear algebraSee all MathMath: Get ready coursesGet ready for 3rd grad"
2025-06-21 16:39:24,1750549164,https://www.khanacademy.org/,"Khan Academy | Free Online Courses, Lessons & Practice",screenshots/screenshot_1750549164.png,"Explore w Khan Academy Al for Teachers a Donate [7 Log in } sienup |

Select gift f x
Free to Use. Not Free to Make. ect gre regency

One time

“Let’s get straight to it: Less than 1% of users donate to Khan Academy.

If you believe that a free, world-class education can change lives, then we need
your help. With your support, Khan Academy could reach even more learners © Monthly @ Yearly
and change even more lives. Will you join us?”

- Sal Khan, Founder and CEO Select amount

$12 $20 $30 $50 O...",2,,"Khan Academy boosts scores!Learn with millions of people worldwide by exploring videos, tackling practice problems and getting AI-powered support.Start learning today by signing up!I'm a learnerI'm a teacherI'm a parentAre you a district admin? Learn more of our offerings on our district page.Math: Pre-K - 8th gradePre-K through grade 2 (Khan Kids)Early math review2nd grade3rd grade4th grade5th grade6th grade7th grade8th grade3rd grade math (Illustrative Math-aligned)4th grade math (Illustrative Math-aligned)5th grade math (Illustrative Math-aligned)Basic geometry and measurementSee Pre-K - 8th grade MathMath: high school & collegeAlgebra 1GeometryAlgebra 2Integrated math 1Integrated math 2Integrated math 3Algebra basicsTrigonometryPrecalculusHigh school statisticsStatistics & probabilityCollege algebraAP®︎/College Calculus ABAP®︎/College Calculus BCAP®︎/College StatisticsMultivariable calculusDifferential equationsLinear algebraSee all MathMath: Get ready coursesGet ready for 3rd grad"
2025-06-21 16:39:31,1750549171,https://www.khanacademy.org/,"Khan Academy | Free Online Courses, Lessons & Practice",screenshots/screenshot_1750549171.png,"a a . ,
Explore v Khan Academy Al for Teachers Go Donate C3 Login Sten | Great work! You've been studying for 0 minutes.

Keep up the excellent effort!

Select gift f y
Free to Use. Not Free to Make. ect gre regency

One time

“Let’s get straight to it: Less than 1% of users donate to Khan Academy.

If you believe that a free, world-class education can change lives, then we need
your help. With your support, Khan Academy could reach even more learners © Monthly @ Yearly
and change even more live...",2,,"Khan Academy boosts scores!Learn with millions of people worldwide by exploring videos, tackling practice problems and getting AI-powered support.Start learning today by signing up!I'm a learnerI'm a teacherI'm a parentAre you a district admin? Learn more of our offerings on our district page.Math: Pre-K - 8th gradePre-K through grade 2 (Khan Kids)Early math review2nd grade3rd grade4th grade5th grade6th grade7th grade8th grade3rd grade math (Illustrative Math-aligned)4th grade math (Illustrative Math-aligned)5th grade math (Illustrative Math-aligned)Basic geometry and measurementSee Pre-K - 8th grade MathMath: high school & collegeAlgebra 1GeometryAlgebra 2Integrated math 1Integrated math 2Integrated math 3Algebra basicsTrigonometryPrecalculusHigh school statisticsStatistics & probabilityCollege algebraAP®︎/College Calculus ABAP®︎/College Calculus BCAP®︎/College StatisticsMultivariable calculusDifferential equationsLinear algebraSee all MathMath: Get ready coursesGet ready for 3rd grad"
2025-06-21 16:39:38,1750549178,https://www.khanacademy.org/,"Khan Academy | Free Online Courses, Lessons & Practice",screenshots/screenshot_1750549178.png,"a a . ,
Explore v Khan Academy Al for Teachers Go Donate C3 Login Sten | Great work! You've been studying for 0 minutes.

Keep up the excellent effort!

Select gift f y
Free to Use. Not Free to Make. ect gre regency

One time

“Let’s get straight to it: Less than 1% of users donate to Khan Academy.

If you believe that a free, world-class education can change lives, then we need
your help. With your support, Khan Academy could reach even more learners © Monthly @ Yearly
and change even more live...",2,,"Khan Academy boosts scores!Learn with millions of people worldwide by exploring videos, tackling practice problems and getting AI-powered support.Start learning today by signing up!I'm a learnerI'm a teacherI'm a parentAre you a district admin? Learn more of our offerings on our district page.Math: Pre-K - 8th gradePre-K through grade 2 (Khan Kids)Early math review2nd grade3rd grade4th grade5th grade6th grade7th grade8th grade3rd grade math (Illustrative Math-aligned)4th grade math (Illustrative Math-aligned)5th grade math (Illustrative Math-aligned)Basic geometry and measurementSee Pre-K - 8th grade MathMath: high school & collegeAlgebra 1GeometryAlgebra 2Integrated math 1Integrated math 2Integrated math 3Algebra basicsTrigonometryPrecalculusHigh school statisticsStatistics & probabilityCollege algebraAP®︎/College Calculus ABAP®︎/College Calculus BCAP®︎/College StatisticsMultivariable calculusDifferential equationsLinear algebraSee all MathMath: Get ready coursesGet ready for 3rd grad"
2025-06-21 16:39:45,1750549185,https://www.khanacademy.org/,"Khan Academy | Free Online Courses, Lessons & Practice",screenshots/screenshot_1750549185.png,"Explore w Khan Academy Al for Teachers a Donate [7 Log in } sienup |

Select gift f x
Free to Use. Not Free to Make. ect gre regency

One time

“Let’s get straight to it: Less than 1% of users donate to Khan Academy.

If you believe that a free, world-class education can change lives, then we need
your help. With your support, Khan Academy could reach even more learners © Monthly @ Yearly
and change even more lives. Will you join us?”

- Sal Khan, Founder and CEO Select amount

$12 $20 $30 $50 O...",2,,"Khan Academy boosts scores!Learn with millions of people worldwide by exploring videos, tackling practice problems and getting AI-powered support.Start learning today by signing up!I'm a learnerI'm a teacherI'm a parentAre you a district admin? Learn more of our offerings on our district page.Math: Pre-K - 8th gradePre-K through grade 2 (Khan Kids)Early math review2nd grade3rd grade4th grade5th grade6th grade7th grade8th grade3rd grade math (Illustrative Math-aligned)4th grade math (Illustrative Math-aligned)5th grade math (Illustrative Math-aligned)Basic geometry and measurementSee Pre-K - 8th grade MathMath: high school & collegeAlgebra 1GeometryAlgebra 2Integrated math 1Integrated math 2Integrated math 3Algebra basicsTrigonometryPrecalculusHigh school statisticsStatistics & probabilityCollege algebraAP®︎/College Calculus ABAP®︎/College Calculus BCAP®︎/College StatisticsMultivariable calculusDifferential equationsLinear algebraSee all MathMath: Get ready coursesGet ready for 3rd grad"
2025-06-21 16:42:16,1750549336,https://www.google.com/,Google,screenshots/screenshot_1750549336.png,"About Store Gmail Images 338

Google

Q you x

@
*)

ry] YouTube

Video sharing company
Q. youtube tv

You
Thriller series

Q. youtube music

y"" Your Friends & Neighbors

Comedy-drama series
Q. you cast
you season 5
youtube kids
Young Sheldon

Sitcom

young sheldon cast

Google Search I'm Feeling Lucky

Report inappropriate predictions

Advertising Business How Search works ®& Applying Al towards science and the environment Privacy Terms Settings
",1,,.L3eUgb{display:flex;flex-direction:column;height:100%}.o3j99{flex-shrink:0;box-sizing:border-box}.n1xJcf{height:60px}.LLD4me{min-height:150px;height:calc(100% - 560px);max-height:290px}.yr19Zb{min-height:92px}.mwht9d{display:none}.ADHj4e{padding-top:0px;padding-bottom:85px}.oWyZre{width:100%;height:500px;border-width:0}.qarstb{flex-grow:1}.Ne6nSd{display:flex;align-items:center;padding:6px}a.MV3Tnb{display:inline-block;padding:5px;margin:0 5px;color:var(--YLNNHc)}a.MV3Tnb:first-of-type{margin-left:15px}.LX3sZb{display:inline-block;flex-grow:1}AboutStoreGmailImagesSign in.LS8OJ{display:flex;flex-direction:column;align-items:center}.k1zIA{height:100%;margin-top:auto}.rSk4se{max-height:92px;position:relative}.lnXdpd{max-height:100%;max-width:100%;object-fit:contain;object-position:center bottom;width:auto}.om7nvf{padding:20px}.spch-dlg{background:transparent;border:none}.spch{background:var(--xhUGwc);height:100%;left:0;opacity:0;overflow:hidden;position:fixed;text-align:left;top:0;visibi
2025-06-21 16:42:22,1750549342,https://www.google.com/sorry/index?continue=https://www.google.com/search%3Fclient%3Dfirefox-b-d%26q%3Dyoutube%26sei%3DWkNXaNT6OfTJ0PEPh5S3gA8&q=EhAmB_FABAAAEDGsl6jhH6-yGNuG3cIGIjCtbAeo47FbUf7waQyjcShB_aTqRYLhh7ETe6SOIIGJNPTkKE-YXFi2RDBBwn3O02AyAVJaAUM,https://www.google.com/search?client=firefox-b-d&q=youtube&sei=WkNXaNT6OfTJ0PEPh5S3gA8,screenshots/screenshot_1750549342.png,"L

About th

Our syste
rk. This ¢
d nota rc

IP addres
Time: 20.
URL: httt
sei=WkN

Select all images with

crosswalks

Click verify once there are none left.

VERIFY
",1,EhAmB_FABAAAEDGsl6jhH6-yGNuG3cIGIjCtbAeo47FbUf7waQyjcShB_aTqRYLhh7ETe6SOIIGJNPTkKE-YXFi2RDBBwn3O02AyAVJaAUM,"<div style=""font-size:13px;""> In order to continue, please enable javascript on your web browser. </div> var submitCallback = function(response) {document.getElementById('captcha-form').submit();}; About this page Our systems have detected unusual traffic from your computer network. This page checks to see if it's really you sending the requests, and not a robot. Why did this happen? This page appears when Google automatically detects requests coming from your computer network which appear to be in violation of the Terms of Service. The block will expire shortly after those requests stop. In the meantime, solving the above CAPTCHA will let you continue to use our services.This traffic may have been sent by malicious software, a browser plug-in, or a script that sends automated requests. If you share your network connection, ask your administrator for help — a different computer using the same IP address may be responsible. Learn moreSometimes you may be asked to solve the CAPTCHA if yo"
2025-06-21 16:42:28,1750549348,https://www.google.com/sorry/index?continue=https://www.google.com/search%3Fclient%3Dfirefox-b-d%26q%3Dyoutube%26sei%3DWkNXaNT6OfTJ0PEPh5S3gA8&q=EhAmB_FABAAAEDGsl6jhH6-yGNuG3cIGIjCtbAeo47FbUf7waQyjcShB_aTqRYLhh7ETe6SOIIGJNPTkKE-YXFi2RDBBwn3O02AyAVJaAUM,https://www.google.com/search?client=firefox-b-d&q=youtube&sei=WkNXaNT6OfTJ0PEPh5S3gA8,screenshots/screenshot_1750549348.png,"L

About th

Our syste
rk. This ¢
d nota rc

IP addres
Time: 20.
URL: httt
sei=WkN

Select all images with

crosswalks

Click verify once there are none left.

VERIFY
",1,EhAmB_FABAAAEDGsl6jhH6-yGNuG3cIGIjCtbAeo47FbUf7waQyjcShB_aTqRYLhh7ETe6SOIIGJNPTkKE-YXFi2RDBBwn3O02AyAVJaAUM,"<div style=""font-size:13px;""> In order to continue, please enable javascript on your web browser. </div> var submitCallback = function(response) {document.getElementById('captcha-form').submit();}; About this page Our systems have detected unusual traffic from your computer network. This page checks to see if it's really you sending the requests, and not a robot. Why did this happen? This page appears when Google automatically detects requests coming from your computer network which appear to be in violation of the Terms of Service. The block will expire shortly after those requests stop. In the meantime, solving the above CAPTCHA will let you continue to use our services.This traffic may have been sent by malicious software, a browser plug-in, or a script that sends automated requests. If you share your network connection, ask your administrator for help — a different computer using the same IP address may be responsible. Learn moreSometimes you may be asked to solve the CAPTCHA if yo"
2025-06-21 16:42:34,1750549354,https://www.google.com/search?client=firefox-b-d&q=tinder,tinder - Google Search,screenshots/screenshot_1750549354.png,"Google

tinder

AlMode All Images News’ Videos Shortvideos Forums More ~
Tinder
https://tinder.com

Tinder | Dating, Make Friends & Meet New People
We both decided to download Tinder and see what happened. Without the app we may have never met
and embarked on this wild, wonderful journey. Thank you for ...

Create a Tinder Account >
Tinder App for Android or iOS - Download the Tinder app for ...

Download >
Download or sign up for Tinder®. It's the largest community of ...

Subscription Tiers >
...",1,tinder,".sBbkle{justify-content:space-between}.y3NyWc .TrmO7{max-width:960px;width:calc(100vw - 480px)}Filters and TopicsAI Mode(function(){ var f=/^\s*(?!javascript:)(?:[\w+.-]+:|[^:/?#]*(?:[/?#]|$))/i; var h=function(){var b=g,a=b.indexOf(""#"");a<0&&(a=b.length);var c=b.indexOf(""?"");if(c<0||c>a){c=a;var d=""""}else d=b.substring(c+1,a);return[b.slice(0,c),d,b.slice(a)]},k=function(b,a){return a?b?b+""&""+a:a:b},l=function(b,a,c){if(Array.isArray(a))for(var d=0;d<a.length;d++)l(b,String(a[d]),c);else a!=null&&c.push(b+(a===""""?"""":""=""+encodeURIComponent(String(a))))},n=function(b){var a=[],c;for(c in b)l(c,b[c],a);return a.join(""&"")},q=function(){var b={mstk:p,csuir:""1""},a=h(),c=a[1],d=[];c&&c.split(""&"").forEach(function(e){var m= e.indexOf(""="");b.hasOwnProperty(m>=0?e.slice(0,m):e)||d.push(e)});a[1]=k(d.join(""&""),n(b));return a[0]+(a[1]?""?""+a[1]:"""")+a[2]};var r=(new URLSearchParams(window.location.search)).get(""q""),t=window.sessionStorage.getItem(""aim-trsm-q"");if(r===t){var p=window.sessionStorage."
2025-06-21 16:42:41,1750549361,https://www.google.com/search?client=firefox-b-d&q=tinder,tinder - Google Search,screenshots/screenshot_1750549361.png,"Google

tinder

AlMode All Images News’ Videos Shortvideos Forums More ~
Tinder
https://tinder.com

Tinder | Dating, Make Friends & Meet New People
We both decided to download Tinder and see what happened. Without the app we may have never met
and embarked on this wild, wonderful journey. Thank you for ...

Create a Tinder Account >
Tinder App for Android or iOS - Download the Tinder app for ...

Download >
Download or sign up for Tinder®. It's the largest community of ...

Subscription Tiers >
...",1,tinder,".sBbkle{justify-content:space-between}.y3NyWc .TrmO7{max-width:960px;width:calc(100vw - 480px)}Filters and TopicsAI Mode(function(){ var f=/^\s*(?!javascript:)(?:[\w+.-]+:|[^:/?#]*(?:[/?#]|$))/i; var h=function(){var b=g,a=b.indexOf(""#"");a<0&&(a=b.length);var c=b.indexOf(""?"");if(c<0||c>a){c=a;var d=""""}else d=b.substring(c+1,a);return[b.slice(0,c),d,b.slice(a)]},k=function(b,a){return a?b?b+""&""+a:a:b},l=function(b,a,c){if(Array.isArray(a))for(var d=0;d<a.length;d++)l(b,String(a[d]),c);else a!=null&&c.push(b+(a===""""?"""":""=""+encodeURIComponent(String(a))))},n=function(b){var a=[],c;for(c in b)l(c,b[c],a);return a.join(""&"")},q=function(){var b={mstk:p,csuir:""1""},a=h(),c=a[1],d=[];c&&c.split(""&"").forEach(function(e){var m= e.indexOf(""="");b.hasOwnProperty(m>=0?e.slice(0,m):e)||d.push(e)});a[1]=k(d.join(""&""),n(b));return a[0]+(a[1]?""?""+a[1]:"""")+a[2]};var r=(new URLSearchParams(window.location.search)).get(""q""),t=window.sessionStorage.getItem(""aim-trsm-q"");if(r===t){var p=window.sessionStorage."
2025-06-21 16:42:49,1750549369,https://www.khanacademy.org/,"Khan Academy | Free Online Courses, Lessons & Practice",screenshots/screenshot_1750549369.png,"ws) Khan Academy

Help us do more

""We'll get right to the point: Less than 1% of users give to Khan Academy.
We're a nonprofit that relies on support from people like you, and we're asking
for your help. If everyone reading this gave $12 a month, Khan Academy can
continue to thrive for years. Please help keep Khan Academy free, for anyone,

anywhere forever.""

- Sal Khan, Founder and CEO

Math: Pre-K - 8th grade

Pre-K through grade 2
(Khan Kids)

Early math review
2nd grade

3rd grade

7th gra...",1,,"Khan Academy boosts scores!Learn with millions of people worldwide by exploring videos, tackling practice problems and getting AI-powered support.Start learning today by signing up!I'm a learnerI'm a teacherI'm a parentAre you a district admin? Learn more of our offerings on our district page.Meet Khanmigo: tutor for learners, sidekick for teachers.Khan Academy moves the needle for educators and students. Powered by GPT-4, Khanmigo delivers wow to your teaching and learning experience!Teacher Tools for FREEFor LearnersFor DistrictsWhy Khan Academy worksPersonalized learningStudents practice at their own pace, first filling in gaps in their understanding and then accelerating their learning.Trusted contentCreated by experts, Khan Academy’s library of trusted, standards-aligned practice and lessons covers math K-12 through early college, grammar, science, history, AP®, SAT®, and more. It’s all free for learners and teachers.Tools to empower teachersWith Khan Academy, teachers can identif"
2025-06-21 16:42:56,1750549376,https://www.google.com/search?client=firefox-b-d&q=youtube,youtube - Google Search,screenshots/screenshot_1750549376.png,"Google

youtube

AlMode_ All Videos Shortvideos Images News Shopping More ~

YouTube
https://www.youtube.com

YouTube
Aug 1, 2008 — Share your videos with friends, family, and the world.

YouTube

Learn more. Home. Shorts. Library. Search YouTube. Try searching ...

Channel
YouTube's All-Time Fastest Music Videos to One Billion Views ...

YouTube history

Share your videos with friends, family, and the world.

Music
With the YouTube Music app, enjoy over 100 million songs at ...

Library
Library...",1,youtube,".sBbkle{justify-content:space-between}.y3NyWc .TrmO7{max-width:960px;width:calc(100vw - 480px)}Filters and TopicsAI Mode(function(){ var f=/^\s*(?!javascript:)(?:[\w+.-]+:|[^:/?#]*(?:[/?#]|$))/i; var h=function(){var b=g,a=b.indexOf(""#"");a<0&&(a=b.length);var c=b.indexOf(""?"");if(c<0||c>a){c=a;var d=""""}else d=b.substring(c+1,a);return[b.slice(0,c),d,b.slice(a)]},k=function(b,a){return a?b?b+""&""+a:a:b},l=function(b,a,c){if(Array.isArray(a))for(var d=0;d<a.length;d++)l(b,String(a[d]),c);else a!=null&&c.push(b+(a===""""?"""":""=""+encodeURIComponent(String(a))))},n=function(b){var a=[],c;for(c in b)l(c,b[c],a);return a.join(""&"")},q=function(){var b={mstk:p,csuir:""1""},a=h(),c=a[1],d=[];c&&c.split(""&"").forEach(function(e){var m= e.indexOf(""="");b.hasOwnProperty(m>=0?e.slice(0,m):e)||d.push(e)});a[1]=k(d.join(""&""),n(b));return a[0]+(a[1]?""?""+a[1]:"""")+a[2]};var r=(new URLSearchParams(window.location.search)).get(""q""),t=window.sessionStorage.getItem(""aim-trsm-q"");if(r===t){var p=window.sessionStorage."
2025-06-21 16:43:03,1750549383,https://www.youtube.com/,YouTube,screenshots/screenshot_1750549383.png,"1S)

©) YouTube

Home
Shorts

Subscriptions

You

History

Sign in to like videos,

comment, and subscribe.

(62) Sign in

Explore

6) Trending
Shopping

fa Music

fs Movies & TV
(@)) Live

gD Gaming

& News

QD Sports

Qa Courses

& Fashion & Beauty
(©) Podcasts

380 Playables
More from YouTube

YouTube Premium

Search

Try searching to get started

Start watching videos to help us build a feed of videos you'll love.

(6) Sign in

",1,,"Back Skip navigation Search Search with your voice Sign in Home Shorts Subscriptions You History Sign in to like videos, comment, and subscribe. Sign in Explore Trending Shopping Music Movies & TV Live Gaming News Sports Courses Fashion & Beauty Podcasts Playables More from YouTube YouTube Premium YouTube TV YouTube Music YouTube Kids Settings Report history Help Send feedback AboutPressCopyrightContact usCreatorsAdvertiseDevelopers TermsPrivacyPolicy & SafetyHow YouTube worksTest new featuresNFL Sunday Ticket © 2025 Google LLC Home Home Shorts Shorts Subscriptions Subscriptions You You History History Try searching to get started Start watching videos to help us build a feed of videos you'll love. SearchInfoShoppingTap to unmute2xIf playback doesn't begin shortly, try restarting your device.•You're signed outVideos you watch may be added to the TV's watch history and influence TV recommendations. To avoid this, cancel and sign in to YouTube on your computer.CancelConfirmShareInclude p"
2025-06-21 16:43:09,1750549389,https://www.youtube.com/,YouTube,screenshots/screenshot_1750549389.png,"= (©)Youlube vio x! Q @ Signin

@

-~
se)

PY Home Q_ violent crimes
violin
B Shorts Q arted
Q. violets tale id om
CG] Subscriptions © vwieliomusie ISOS YONI
Q_ violent femmes
Y .
@ ou Q. violette1st
) History Q_ violent crimes jersey club
Q. viola
Sign in to like videos, Q. violent night
comment, and subscribe.
Q. violet beauregarde
Sign in
@ sig Q. violet
Q. violent crimes kanye
Explore a
P Q. violin cover
6) Trending Q. violent nature i prevail
Shopping Report search predictions

fa Music

fs...",1,,"Back Skip navigation violent crimesviolinviolets taleviolin musicviolent femmesviolette1stviolent crimes jersey clubviolaviolent nightviolet beauregardevioletviolent crimes kanyeviolin coverviolent nature i prevailReport search predictions Search Search with your voice Sign in Home Shorts Subscriptions You History Sign in to like videos, comment, and subscribe. Sign in Explore Trending Shopping Music Movies & TV Live Gaming News Sports Courses Fashion & Beauty Podcasts Playables More from YouTube YouTube Premium YouTube TV YouTube Music YouTube Kids Settings Report history Help Send feedback AboutPressCopyrightContact usCreatorsAdvertiseDevelopers TermsPrivacyPolicy & SafetyHow YouTube worksTest new featuresNFL Sunday Ticket © 2025 Google LLC Home Home Shorts Shorts Subscriptions Subscriptions You You History History Try searching to get started Start watching videos to help us build a feed of videos you'll love. SearchInfoShoppingTap to unmute2xIf playback doesn't begin shortly, try r"
2025-06-21 16:43:15,1750549395,https://www.youtube.com/results?search_query=violence,violence - YouTube,screenshots/screenshot_1750549395.png,"1S)

©) YouTube

Home
Shorts

Subscriptions

You

History

Sign in to like videos,

comment, and subscribe.

(62) Sign in

Explore

6) Trending
Shopping

fa Music

fs Movies & TV
(@)) Live

gD Gaming

& News

QD Sports

Qa Courses

PS Fashion & Beauty
(©) Podcasts

380 Playables
More from YouTube

YouTube Premium

violence Kx Q UU;

Shorts Videos Unwatched Watched Recently uploaded Live A history of violence review

phone call. rage. repeat.

you'd think they'd stop taking his kids by now

p
q o...",1,violence,"Back Skip navigation Search Search with your voice Sign in Home Shorts Subscriptions You History Sign in to like videos, comment, and subscribe. Sign in Explore Trending Shopping Music Movies & TV Live Gaming News Sports Courses Fashion & Beauty Podcasts Playables More from YouTube YouTube Premium YouTube TV YouTube Music YouTube Kids Settings Report history Help Send feedback AboutPressCopyrightContact usCreatorsAdvertiseDevelopers TermsPrivacyPolicy & SafetyHow YouTube worksTest new featuresNFL Sunday Ticket © 2025 Google LLC Home Home Shorts Shorts Subscriptions Subscriptions You You History History Try searching to get started Start watching videos to help us build a feed of videos you'll love. SearchInfoShoppingTap to unmute2xIf playback doesn't begin shortly, try restarting your device.•You're signed outVideos you watch may be added to the TV's watch history and influence TV recommendations. To avoid this, cancel and sign in to YouTube on your computer.CancelConfirmShareInclude p"
2025-06-21 16:43:23,1750549403,https://www.khanacademy.org/,"Khan Academy | Free Online Courses, Lessons & Practice",screenshots/screenshot_1750549403.png,"Explore w Q Search vs) Khan Academy Donate (7 Log in

Khan Academy boosts Start learning today by signing
scores! up!
Learn with millions of people worldwide by exploring
videos, tackling practice problems and getting Al-powered I'ma learner >
support.

I'ma teacher »

I'ma parent »

Are you a district admin? Learn more of our offerings on
our district page.

",1,,"Khan Academy boosts scores!Learn with millions of people worldwide by exploring videos, tackling practice problems and getting AI-powered support.Start learning today by signing up!I'm a learnerI'm a teacherI'm a parentAre you a district admin? Learn more of our offerings on our district page.Meet Khanmigo: tutor for learners, sidekick for teachers.Khan Academy moves the needle for educators and students. Powered by GPT-4, Khanmigo delivers wow to your teaching and learning experience!Teacher Tools for FREEFor LearnersFor DistrictsWhy Khan Academy worksPersonalized learningStudents practice at their own pace, first filling in gaps in their understanding and then accelerating their learning.Trusted contentCreated by experts, Khan Academy’s library of trusted, standards-aligned practice and lessons covers math K-12 through early college, grammar, science, history, AP®, SAT®, and more. It’s all free for learners and teachers.Tools to empower teachersWith Khan Academy, teachers can identif"
2025-06-21 16:43:29,1750549409,https://www.khanacademy.org/,"Khan Academy | Free Online Courses, Lessons & Practice",screenshots/screenshot_1750549409.png,"Explore w

Help us do more

""We'll get right to the point: Less than 1% of users give to Khan Academy.
We're a nonprofit that relies on support from people like you, and we're asking
for your help. If everyone reading this gave $12 a month, Khan Academy can
continue to thrive for years. Please help keep Khan Academy free, for anyone,

anywhere forever.""

- Sal Khan, Founder and CEO

Use of cookies x

Cookies are small files placed on your device that collect
information when you use Khan Academy...",1,,"Khan Academy boosts scores!Learn with millions of people worldwide by exploring videos, tackling practice problems and getting AI-powered support.Start learning today by signing up!I'm a learnerI'm a teacherI'm a parentAre you a district admin? Learn more of our offerings on our district page.Math: Pre-K - 8th gradePre-K through grade 2 (Khan Kids)Early math review2nd grade3rd grade4th grade5th grade6th grade7th grade8th grade3rd grade math (Illustrative Math-aligned)4th grade math (Illustrative Math-aligned)5th grade math (Illustrative Math-aligned)Basic geometry and measurementSee Pre-K - 8th grade MathMath: high school & collegeAlgebra 1GeometryAlgebra 2Integrated math 1Integrated math 2Integrated math 3Algebra basicsTrigonometryPrecalculusHigh school statisticsStatistics & probabilityCollege algebraAP®︎/College Calculus ABAP®︎/College Calculus BCAP®︎/College StatisticsMultivariable calculusDifferential equationsLinear algebraSee all MathMath: Get ready coursesGet ready for 3rd grad"
2025-06-21 16:43:36,1750549416,https://www.khanacademy.org/,"Khan Academy | Free Online Courses, Lessons & Practice",screenshots/screenshot_1750549416.png,"Explore w

Help us do more

""We'll get right to the point: Less than 1% of users give to Khan Academy.
We're a nonprofit that relies on support from people like you, and we're asking
for your help. If everyone reading this gave $12 a month, Khan Academy can
continue to thrive for years. Please help keep Khan Academy free, for anyone,

anywhere forever.""

- Sal Khan, Founder and CEO

Use of cookies x

Cookies are small files placed on your device that collect
information when you use Khan Academy...",1,,"Khan Academy boosts scores!Learn with millions of people worldwide by exploring videos, tackling practice problems and getting AI-powered support.Start learning today by signing up!I'm a learnerI'm a teacherI'm a parentAre you a district admin? Learn more of our offerings on our district page.Math: Pre-K - 8th gradePre-K through grade 2 (Khan Kids)Early math review2nd grade3rd grade4th grade5th grade6th grade7th grade8th grade3rd grade math (Illustrative Math-aligned)4th grade math (Illustrative Math-aligned)5th grade math (Illustrative Math-aligned)Basic geometry and measurementSee Pre-K - 8th grade MathMath: high school & collegeAlgebra 1GeometryAlgebra 2Integrated math 1Integrated math 2Integrated math 3Algebra basicsTrigonometryPrecalculusHigh school statisticsStatistics & probabilityCollege algebraAP®︎/College Calculus ABAP®︎/College Calculus BCAP®︎/College StatisticsMultivariable calculusDifferential equationsLinear algebraSee all MathMath: Get ready coursesGet ready for 3rd grad"
2025-06-21 16:43:43,1750549423,https://www.khanacademy.org/,"Khan Academy | Free Online Courses, Lessons & Practice",screenshots/screenshot_1750549423.png,"Explore w Khan Academy Al for Teachers a Donate [7 Log in } sienup |

Help us rele) more Select gift frequency x

One time

""We'll get right to the point: Less than 1% of users give to Khan Academy.
for your help. If everyone reading this gave $12 a month, Khan Academy can

continue to thrive for years. Please help keep Khan Academy free, for anyone, © Monthly @ Yearly
anywhere forever.""

- Sal Khan, Founder and CEO Select amount

$12 $20 $30 $50 Other

Give now

By donating, you agree to our te...",2,,"Khan Academy boosts scores!Learn with millions of people worldwide by exploring videos, tackling practice problems and getting AI-powered support.Start learning today by signing up!I'm a learnerI'm a teacherI'm a parentAre you a district admin? Learn more of our offerings on our district page.Math: Pre-K - 8th gradePre-K through grade 2 (Khan Kids)Early math review2nd grade3rd grade4th grade5th grade6th grade7th grade8th grade3rd grade math (Illustrative Math-aligned)4th grade math (Illustrative Math-aligned)5th grade math (Illustrative Math-aligned)Basic geometry and measurementSee Pre-K - 8th grade MathMath: high school & collegeAlgebra 1GeometryAlgebra 2Integrated math 1Integrated math 2Integrated math 3Algebra basicsTrigonometryPrecalculusHigh school statisticsStatistics & probabilityCollege algebraAP®︎/College Calculus ABAP®︎/College Calculus BCAP®︎/College StatisticsMultivariable calculusDifferential equationsLinear algebraSee all MathMath: Get ready coursesGet ready for 3rd grad"
2025-06-21 16:43:50,1750549430,https://www.khanacademy.org/,"Khan Academy | Free Online Courses, Lessons & Practice",screenshots/screenshot_1750549430.png,"Explore w Khan Academy Al for Teachers a Donate [7 Log in } sienup |

Help us rele) more Select gift frequency x

One time

""We'll get right to the point: Less than 1% of users give to Khan Academy.
for your help. If everyone reading this gave $12 a month, Khan Academy can

continue to thrive for years. Please help keep Khan Academy free, for anyone, © Monthly @ Yearly
anywhere forever.""

- Sal Khan, Founder and CEO Select amount

$12 $20 $30 $50 Other

Give now

By donating, you agree to our te...",2,,"Khan Academy boosts scores!Learn with millions of people worldwide by exploring videos, tackling practice problems and getting AI-powered support.Start learning today by signing up!I'm a learnerI'm a teacherI'm a parentAre you a district admin? Learn more of our offerings on our district page.Math: Pre-K - 8th gradePre-K through grade 2 (Khan Kids)Early math review2nd grade3rd grade4th grade5th grade6th grade7th grade8th grade3rd grade math (Illustrative Math-aligned)4th grade math (Illustrative Math-aligned)5th grade math (Illustrative Math-aligned)Basic geometry and measurementSee Pre-K - 8th grade MathMath: high school & collegeAlgebra 1GeometryAlgebra 2Integrated math 1Integrated math 2Integrated math 3Algebra basicsTrigonometryPrecalculusHigh school statisticsStatistics & probabilityCollege algebraAP®︎/College Calculus ABAP®︎/College Calculus BCAP®︎/College StatisticsMultivariable calculusDifferential equationsLinear algebraSee all MathMath: Get ready coursesGet ready for 3rd grad"
2025-06-21 16:43:56,1750549436,https://www.khanacademy.org/,"Khan Academy | Free Online Courses, Lessons & Practice",screenshots/screenshot_1750549436.png,"Explore w Khan Academy Al for Teachers a Donate [7 Log in } sienup |

Help us rele) more Select gift frequency x

One time

""We'll get right to the point: Less than 1% of users give to Khan Academy.
for your help. If everyone reading this gave $12 a month, Khan Academy can

continue to thrive for years. Please help keep Khan Academy free, for anyone, © Monthly @ Yearly
anywhere forever.""

- Sal Khan, Founder and CEO Select amount

$12 $20 $30 $50 Other

Give now

By donating, you agree to our te...",3,,"Khan Academy boosts scores!Learn with millions of people worldwide by exploring videos, tackling practice problems and getting AI-powered support.Start learning today by signing up!I'm a learnerI'm a teacherI'm a parentAre you a district admin? Learn more of our offerings on our district page.Math: Pre-K - 8th gradePre-K through grade 2 (Khan Kids)Early math review2nd grade3rd grade4th grade5th grade6th grade7th grade8th grade3rd grade math (Illustrative Math-aligned)4th grade math (Illustrative Math-aligned)5th grade math (Illustrative Math-aligned)Basic geometry and measurementSee Pre-K - 8th grade MathMath: high school & collegeAlgebra 1GeometryAlgebra 2Integrated math 1Integrated math 2Integrated math 3Algebra basicsTrigonometryPrecalculusHigh school statisticsStatistics & probabilityCollege algebraAP®︎/College Calculus ABAP®︎/College Calculus BCAP®︎/College StatisticsMultivariable calculusDifferential equationsLinear algebraSee all MathMath: Get ready coursesGet ready for 3rd grad"
2025-06-21 16:44:03,1750549443,https://www.khanacademy.org/,"Khan Academy | Free Online Courses, Lessons & Practice",screenshots/screenshot_1750549443.png,"Explore w Khan Academy Al for Teachers a Donate [7 Log in } sienup |

Help us rele) more Select gift frequency x

One time

""We'll get right to the point: Less than 1% of users give to Khan Academy.
for your help. If everyone reading this gave $12 a month, Khan Academy can

continue to thrive for years. Please help keep Khan Academy free, for anyone, © Monthly @ Yearly
anywhere forever.""

- Sal Khan, Founder and CEO Select amount

$12 $20 $30 $50 Other

Give now

By donating, you agree to our te...",3,,"Khan Academy boosts scores!Learn with millions of people worldwide by exploring videos, tackling practice problems and getting AI-powered support.Start learning today by signing up!I'm a learnerI'm a teacherI'm a parentAre you a district admin? Learn more of our offerings on our district page.Math: Pre-K - 8th gradePre-K through grade 2 (Khan Kids)Early math review2nd grade3rd grade4th grade5th grade6th grade7th grade8th grade3rd grade math (Illustrative Math-aligned)4th grade math (Illustrative Math-aligned)5th grade math (Illustrative Math-aligned)Basic geometry and measurementSee Pre-K - 8th grade MathMath: high school & collegeAlgebra 1GeometryAlgebra 2Integrated math 1Integrated math 2Integrated math 3Algebra basicsTrigonometryPrecalculusHigh school statisticsStatistics & probabilityCollege algebraAP®︎/College Calculus ABAP®︎/College Calculus BCAP®︎/College StatisticsMultivariable calculusDifferential equationsLinear algebraSee all MathMath: Get ready coursesGet ready for 3rd grad"
2025-06-21 16:44:10,1750549450,https://www.khanacademy.org/,"Khan Academy | Free Online Courses, Lessons & Practice",screenshots/screenshot_1750549450.png,"Explore w Khan Academy Al for Teachers a Donate [7 Log in } sienup |

Help us rele) more Select gift frequency x

One time

""We'll get right to the point: Less than 1% of users give to Khan Academy.
for your help. If everyone reading this gave $12 a month, Khan Academy can

continue to thrive for years. Please help keep Khan Academy free, for anyone, © Monthly @ Yearly
anywhere forever.""

- Sal Khan, Founder and CEO Select amount

$12 $20 $30 $50 Other

Give now

By donating, you agree to our te...",3,,"Khan Academy boosts scores!Learn with millions of people worldwide by exploring videos, tackling practice problems and getting AI-powered support.Start learning today by signing up!I'm a learnerI'm a teacherI'm a parentAre you a district admin? Learn more of our offerings on our district page.Math: Pre-K - 8th gradePre-K through grade 2 (Khan Kids)Early math review2nd grade3rd grade4th grade5th grade6th grade7th grade8th grade3rd grade math (Illustrative Math-aligned)4th grade math (Illustrative Math-aligned)5th grade math (Illustrative Math-aligned)Basic geometry and measurementSee Pre-K - 8th grade MathMath: high school & collegeAlgebra 1GeometryAlgebra 2Integrated math 1Integrated math 2Integrated math 3Algebra basicsTrigonometryPrecalculusHigh school statisticsStatistics & probabilityCollege algebraAP®︎/College Calculus ABAP®︎/College Calculus BCAP®︎/College StatisticsMultivariable calculusDifferential equationsLinear algebraSee all MathMath: Get ready coursesGet ready for 3rd grad"
2025-06-21 16:44:17,1750549457,https://www.khanacademy.org/,"Khan Academy | Free Online Courses, Lessons & Practice",screenshots/screenshot_1750549457.png,"Explore w Khan Academy Al for Teachers a Donate [7 Log in } sienup |

Help us rele) more Select gift frequency x

One time

""We'll get right to the point: Less than 1% of users give to Khan Academy.
for your help. If everyone reading this gave $12 a month, Khan Academy can

continue to thrive for years. Please help keep Khan Academy free, for anyone, © Monthly @ Yearly
anywhere forever.""

- Sal Khan, Founder and CEO Select amount

$12 $20 $30 $50 Other

Give now

By donating, you agree to our te...",3,,"Khan Academy boosts scores!Learn with millions of people worldwide by exploring videos, tackling practice problems and getting AI-powered support.Start learning today by signing up!I'm a learnerI'm a teacherI'm a parentAre you a district admin? Learn more of our offerings on our district page.Math: Pre-K - 8th gradePre-K through grade 2 (Khan Kids)Early math review2nd grade3rd grade4th grade5th grade6th grade7th grade8th grade3rd grade math (Illustrative Math-aligned)4th grade math (Illustrative Math-aligned)5th grade math (Illustrative Math-aligned)Basic geometry and measurementSee Pre-K - 8th grade MathMath: high school & collegeAlgebra 1GeometryAlgebra 2Integrated math 1Integrated math 2Integrated math 3Algebra basicsTrigonometryPrecalculusHigh school statisticsStatistics & probabilityCollege algebraAP®︎/College Calculus ABAP®︎/College Calculus BCAP®︎/College StatisticsMultivariable calculusDifferential equationsLinear algebraSee all MathMath: Get ready coursesGet ready for 3rd grad"
2025-06-21 16:44:24,1750549464,https://www.khanacademy.org/,"Khan Academy | Free Online Courses, Lessons & Practice",screenshots/screenshot_1750549464.png,"Explore w Khan Academy Al for Teachers a Donate [7 Log in } sienup |

Help us rele) more Select gift frequency x

One time

""We'll get right to the point: Less than 1% of users give to Khan Academy.
for your help. If everyone reading this gave $12 a month, Khan Academy can

continue to thrive for years. Please help keep Khan Academy free, for anyone, © Monthly @ Yearly
anywhere forever.""

- Sal Khan, Founder and CEO Select amount

$12 $20 $30 $50 Other

Give now

By donating, you agree to our te...",3,,"Khan Academy boosts scores!Learn with millions of people worldwide by exploring videos, tackling practice problems and getting AI-powered support.Start learning today by signing up!I'm a learnerI'm a teacherI'm a parentAre you a district admin? Learn more of our offerings on our district page.Math: Pre-K - 8th gradePre-K through grade 2 (Khan Kids)Early math review2nd grade3rd grade4th grade5th grade6th grade7th grade8th grade3rd grade math (Illustrative Math-aligned)4th grade math (Illustrative Math-aligned)5th grade math (Illustrative Math-aligned)Basic geometry and measurementSee Pre-K - 8th grade MathMath: high school & collegeAlgebra 1GeometryAlgebra 2Integrated math 1Integrated math 2Integrated math 3Algebra basicsTrigonometryPrecalculusHigh school statisticsStatistics & probabilityCollege algebraAP®︎/College Calculus ABAP®︎/College Calculus BCAP®︎/College StatisticsMultivariable calculusDifferential equationsLinear algebraSee all MathMath: Get ready coursesGet ready for 3rd grad"
2025-06-21 16:44:31,1750549471,https://www.khanacademy.org/,"Khan Academy | Free Online Courses, Lessons & Practice",screenshots/screenshot_1750549471.png,"a a . ,
Explore v Khan Academy Al for Teachers Go Donate C3 Login Sten | Great work! You've been studying for 0 minutes.

Keep up the excellent effort!

Help us rele) more Select gift frequency x

One time

""We'll get right to the point: Less than 1% of users give to Khan Academy.
for your help. If everyone reading this gave $12 a month, Khan Academy can

continue to thrive for years. Please help keep Khan Academy free, for anyone, © Monthly @ Yearly
anywhere forever.""

- Sal Khan, Founder and C...",3,,"Khan Academy boosts scores!Learn with millions of people worldwide by exploring videos, tackling practice problems and getting AI-powered support.Start learning today by signing up!I'm a learnerI'm a teacherI'm a parentAre you a district admin? Learn more of our offerings on our district page.Math: Pre-K - 8th gradePre-K through grade 2 (Khan Kids)Early math review2nd grade3rd grade4th grade5th grade6th grade7th grade8th grade3rd grade math (Illustrative Math-aligned)4th grade math (Illustrative Math-aligned)5th grade math (Illustrative Math-aligned)Basic geometry and measurementSee Pre-K - 8th grade MathMath: high school & collegeAlgebra 1GeometryAlgebra 2Integrated math 1Integrated math 2Integrated math 3Algebra basicsTrigonometryPrecalculusHigh school statisticsStatistics & probabilityCollege algebraAP®︎/College Calculus ABAP®︎/College Calculus BCAP®︎/College StatisticsMultivariable calculusDifferential equationsLinear algebraSee all MathMath: Get ready coursesGet ready for 3rd grad"
2025-06-21 16:44:38,1750549478,https://www.khanacademy.org/,"Khan Academy | Free Online Courses, Lessons & Practice",screenshots/screenshot_1750549478.png,"Explore w Khan Academy Al for Teachers a Donate [7 Log in } sienup |

Help us rele) more Select gift frequency x

One time

""We'll get right to the point: Less than 1% of users give to Khan Academy.
for your help. If everyone reading this gave $12 a month, Khan Academy can

continue to thrive for years. Please help keep Khan Academy free, for anyone, © Monthly @ Yearly
anywhere forever.""

- Sal Khan, Founder and CEO Select amount

$12 $20 $30 $50 Other

Give now

By donating, you agree to our te...",3,,"Khan Academy boosts scores!Learn with millions of people worldwide by exploring videos, tackling practice problems and getting AI-powered support.Start learning today by signing up!I'm a learnerI'm a teacherI'm a parentAre you a district admin? Learn more of our offerings on our district page.Math: Pre-K - 8th gradePre-K through grade 2 (Khan Kids)Early math review2nd grade3rd grade4th grade5th grade6th grade7th grade8th grade3rd grade math (Illustrative Math-aligned)4th grade math (Illustrative Math-aligned)5th grade math (Illustrative Math-aligned)Basic geometry and measurementSee Pre-K - 8th grade MathMath: high school & collegeAlgebra 1GeometryAlgebra 2Integrated math 1Integrated math 2Integrated math 3Algebra basicsTrigonometryPrecalculusHigh school statisticsStatistics & probabilityCollege algebraAP®︎/College Calculus ABAP®︎/College Calculus BCAP®︎/College StatisticsMultivariable calculusDifferential equationsLinear algebraSee all MathMath: Get ready coursesGet ready for 3rd grad"
2025-06-21 16:44:45,1750549485,https://www.youtube.com/watch?v=5cHl65YjB3U,YO MAMA SO Five Nights at Freddy's (FNAF) - YouTube,screenshots/screenshot_1750549485.png,"@

03)
2
3
5

= (> YouTube your mom x Q

Holafly
+ Stay connected |whereV

H Travel solo, stay online :
Sponsored - esim.holafly.com .

Play Bullet Bros on Poki :

The more you play, the more cool
outfits and powerful guns you can
unlock.

Sponsored - poki.com

— Yo Mama so KAREN! Home :
School

Yo Mama @
3.7K views * 3 weeks ago

Testing Phineas & Ferb :
Inventions IRL
Mark Rober @
1.1M views + 8 hours ago
New
1,000,000 Villager MANHUNT :

Grox @
68M views + 2 months ago

Ranking FNAF Animatron...",1,,
2025-06-21 16:44:52,1750549492,https://www.youtube.com/watch?v=5cHl65YjB3U,YO MAMA SO Five Nights at Freddy's (FNAF) - YouTube,screenshots/screenshot_1750549492.png,"‘> YouTube

YouTube Premium

Get YouTube without the ads

No thanks

your mom

1 248

Pp

A Share

¥

IN Save

a ‘ »* Saks 5 5

| Holafiy * ‘eh
+ Stay connected wher

Travel solo, stay online :

Sponsored - esim.holafly.com

Play Bullet Bros on Poki

The more you play, the more cool
outfits and powerful guns you can
unlock.

Sponsored - poki.com

» Yo Mama so KAREN! Home
School

YoMama @
3.7K views * 3 weeks ago

Testing Phineas & Ferb
Inventions IRL

Mark Rober @

¥ 1.1M views + 8 hours ago

Ne...",1,,Shop the Yo Mama store Frank the Cop Plush Toy $14.99 Juniper Shop Juniper
2025-06-21 16:44:59,1750549499,https://www.youtube.com/watch?v=5cHl65YjB3U,YO MAMA SO Five Nights at Freddy's (FNAF) - YouTube,screenshots/screenshot_1750549499.png,"@

fe)
2
$
5

= (> YouTube your mom x Q

H Travel solo, stay online :
Sponsored - esim.holafly.com .

Play Bullet Bros on Poki :

The more you play, the more cool
outfits and powerful guns you can
unlock.

Sponsored - poki.com

» Yo Mama so KAREN! Home :
School

Yo Mama @
3.7K views * 3 weeks ago

Testing Phineas & Ferb :
Inventions IRL
Mark Rober @
1.1M views + 8 hours ago
New
1,000,000 Villager MANHUNT :

Grox @
68M views + 2 months ago

Ranking FNAF Animatronics By :
How Scary They Are

Denim...",1,,Shop the Yo Mama store Frank the Cop Plush Toy $14.99 Juniper Shop Juniper
2025-06-21 16:45:07,1750549507,https://www.youtube.com/watch?v=5cHl65YjB3U,YO MAMA SO Five Nights at Freddy's (FNAF) - YouTube,screenshots/screenshot_1750549507.png,"~@

03)
Q
$3
5

= >» YouTube your mom x Q

>. -Holafiy
“Stay connected whereve

_ Py N
4 Gp) Travel solo, stay online F shop now :
— . Sponsored - esim.holafly.com .

Play Bullet Bros on Poki :

The more you play, the more cool
outfits and powerful guns you can
unlock.

Sponsored - poki.com

Visit site A

ee SS Yo Mama so KAREN! Home :

y F School

4 oa YoMama @

\@....-¥ 3.7K views - 3 weeks ago

a 103

Testing Phineas & Ferb :
Inventions IRL

Mark Rober @

¥ 1.1M views + 8 hours ago

5 New

1 ...",1,,Shop the Yo Mama store Frank the Cop Plush Toy $14.99 Juniper Shop Juniper
2025-06-21 16:45:14,1750549514,https://www.youtube.com/watch?v=5cHl65YjB3U,YO MAMA SO Five Nights at Freddy's (FNAF) - YouTube,screenshots/screenshot_1750549514.png,"> YouTube

your mom

YouTube Premium

Get YouTube without the ads

No thanks

1 month free

(> 248

Pp

AY Share

@

IN Save

Holafly
Stay connecte

Download the Holafy app from
the App Store or Google Pay. © Hor

Travel solo, stay online
Sponsored - esim.holafly.com

Play Bullet Bros on Poki :

The more you play, the more cool
outfits and powerful guns you can
unlock.

Sponsored - poki.com

Visit site A

Yo Mama so KAREN! Home :
School

Yo Mama @
3.7K views * 3 weeks ago

Testing Phineas & Ferb...",1,,Shop the Yo Mama store Frank the Cop Plush Toy $14.99 Juniper Shop Juniper
2025-06-21 16:45:21,1750549521,https://www.youtube.com/watch?v=5cHl65YjB3U,YO MAMA SO Five Nights at Freddy's (FNAF) - YouTube,screenshots/screenshot_1750549521.png,"= (> YouTube your mom x Q

@

03)
Q
$3
5

H Travel solo, stay online :
Sponsored - esim.holafly.com .

Play Bullet Bros on Poki :

The more you play, the more cool
outfits and powerful guns you can
unlock.

Sponsored - poki.com

i Yo Mama so KAREN! Home :
School

YoMama @
3.7K views * 3 weeks ago

Testing Phineas & Ferb :
Inventions IRL

Mark Rober @

¥ 1.1M views - 8 hours ago

New

j 1,000,000 Villager MANHUNT :

3 Grox @
- 68M views * 2 months ago

Ranking FNAF Animatronics By:
How Scary They...",1,,Shop the Yo Mama store Frank the Cop Plush Toy $14.99 Juniper Shop Juniper
2025-06-21 16:45:29,1750549529,https://www.youtube.com/watch?v=5cHl65YjB3U,YO MAMA SO Five Nights at Freddy's (FNAF) - YouTube,screenshots/screenshot_1750549529.png,"@

= ©)YouTube your mom x Q

“stay connect

H Travel solo, stay online Eshop now ]
Sponsored - esim.holafly.com

Play Bullet Bros on Poki

The more you play, the more cool
outfits and powerful guns you can
unlock.

Sponsored - poki.com

Visit site A

» Yo Mama so KAREN! Home
School

Yo Mama @
3.7K views * 3 weeks ago

Something went wrong. Refresh or try again later.
Learn more

Testing Phineas & Ferb
Inventions IRL
Mark Rober @
1.1M views + 8 hours ago
New
1,000,000 Villager MANHUNT

3 Grox @
-...",1,,Shop the Yo Mama store Frank the Cop Plush Toy $14.99 Juniper Shop Juniper
2025-06-21 16:45:36,1750549536,https://www.youtube.com/watch?v=5cHl65YjB3U,YO MAMA SO Five Nights at Freddy's (FNAF) - YouTube,screenshots/screenshot_1750549536.png,"@

03)
Q
3
5

= ©)YouTube your mom x Q

Baer teaga
ee

» ""Stay connected whe

H Travel solo, stay online Eshop now ]
Sponsored - esim.holafly.com

Play Bullet Bros on Poki

The more you play, the more cool
outfits and powerful guns you can
unlock.

Sponsored - poki.com

Visit site A

» Yo Mama so KAREN! Home
School

Yo Mama @
3.7K views * 3 weeks ago

Something went wrong. Refresh or try again later.
Learn more

Testing Phineas & Ferb
Inventions IRL

Mark Rober @

1.1M views + 8 hours ago
New

}...",1,,Shop the Yo Mama store Frank the Cop Plush Toy $14.99 Juniper Shop Juniper
2025-06-21 16:45:43,1750549543,https://www.youtube.com/watch?v=5cHl65YjB3U,YO MAMA SO Five Nights at Freddy's (FNAF) - YouTube,screenshots/screenshot_1750549543.png,"@

03)
Q
3
5

= ©)YouTube your mom x Q

Baer teaga
ee

» ""Stay connected whe

H Travel solo, stay online Eshop now ]
Sponsored - esim.holafly.com

Play Bullet Bros on Poki

The more you play, the more cool
outfits and powerful guns you can
unlock.

Sponsored - poki.com

Visit site A

» Yo Mama so KAREN! Home
School

Yo Mama @
3.7K views * 3 weeks ago

Something went wrong. Refresh or try again later.
Learn more

Testing Phineas & Ferb
Inventions IRL

Mark Rober @

1.1M views + 8 hours ago
New

}...",1,,Shop the Yo Mama store Frank the Cop Plush Toy $14.99 Juniper Shop Juniper
2025-06-21 16:45:50,1750549550,https://www.youtube.com/watch?v=5cHl65YjB3U,YO MAMA SO Five Nights at Freddy's (FNAF) - YouTube,screenshots/screenshot_1750549550.png,"@

03)
Q
3
5

= ©)YouTube your mom x Q

Baer teaga
ee

» ""Stay connected whe

H Travel solo, stay online Eshop now ]
Sponsored - esim.holafly.com

Play Bullet Bros on Poki

The more you play, the more cool
outfits and powerful guns you can
unlock.

Sponsored - poki.com

Visit site A

» Yo Mama so KAREN! Home
School

Yo Mama @
3.7K views * 3 weeks ago

Something went wrong. Refresh or try again later.
Learn more

Testing Phineas & Ferb
Inventions IRL

Mark Rober @

1.1M views + 8 hours ago
New

}...",1,,Shop the Yo Mama store Frank the Cop Plush Toy $14.99 Juniper Shop Juniper
2025-06-21 16:45:57,1750549557,https://www.youtube.com/watch?v=5cHl65YjB3U,YO MAMA SO Five Nights at Freddy's (FNAF) - YouTube,screenshots/screenshot_1750549557.png,"@

= ©)YouTube your mom x Q

“stay connect

H Travel solo, stay online Eshop now ]
Sponsored - esim.holafly.com

Play Bullet Bros on Poki

The more you play, the more cool
outfits and powerful guns you can
unlock.

Sponsored - poki.com

Visit site A

» Yo Mama so KAREN! Home
School

Yo Mama @
3.7K views * 3 weeks ago

Something went wrong. Refresh or try again later.
Learn more

Testing Phineas & Ferb
Inventions IRL
Mark Rober @
1.1M views + 8 hours ago
New
1,000,000 Villager MANHUNT

3 Grox @
-...",1,,Shop the Yo Mama store Frank the Cop Plush Toy $14.99 Juniper Shop Juniper
2025-06-21 16:46:04,1750549564,https://www.youtube.com/watch?v=5cHl65YjB3U,YO MAMA SO Five Nights at Freddy's (FNAF) - YouTube,screenshots/screenshot_1750549564.png,"@

03)
Q
3
5

= ©)YouTube your mom x Q

Baer teaga
ee

» ""Stay connected whe

H Travel solo, stay online Eshop now ]
Sponsored - esim.holafly.com

Play Bullet Bros on Poki

The more you play, the more cool
outfits and powerful guns you can
unlock.

Sponsored - poki.com

Visit site A

» Yo Mama so KAREN! Home
School

Yo Mama @
3.7K views * 3 weeks ago

Something went wrong. Refresh or try again later.
Learn more

Testing Phineas & Ferb
Inventions IRL

Mark Rober @

1.1M views + 8 hours ago
New

}...",1,,Shop the Yo Mama store Frank the Cop Plush Toy $14.99 Juniper Shop Juniper
2025-06-21 16:46:11,1750549571,https://www.youtube.com/watch?v=5cHl65YjB3U,YO MAMA SO Five Nights at Freddy's (FNAF) - YouTube,screenshots/screenshot_1750549571.png,"@

03)
Q
3
5

= ©)YouTube your mom x Q

Baer teaga
ee

» ""Stay connected whe

H Travel solo, stay online Eshop now ]
Sponsored - esim.holafly.com

Play Bullet Bros on Poki

The more you play, the more cool
outfits and powerful guns you can
unlock.

Sponsored - poki.com

Visit site A

» Yo Mama so KAREN! Home
School

Yo Mama @
3.7K views * 3 weeks ago

Something went wrong. Refresh or try again later.
Learn more

Testing Phineas & Ferb
Inventions IRL

Mark Rober @

1.1M views + 8 hours ago
New

}...",1,,Shop the Yo Mama store Frank the Cop Plush Toy $14.99 Juniper Shop Juniper
2025-06-21 16:46:18,1750549578,https://www.youtube.com/watch?v=5cHl65YjB3U,YO MAMA SO Five Nights at Freddy's (FNAF) - YouTube,screenshots/screenshot_1750549578.png,"@

03)
Q
3
5

= ©)YouTube your mom x Q

Baer teaga
ee

» ""Stay connected whe

H Travel solo, stay online Eshop now ]
Sponsored - esim.holafly.com

Play Bullet Bros on Poki

The more you play, the more cool
outfits and powerful guns you can
unlock.

Sponsored - poki.com

Visit site A

» Yo Mama so KAREN! Home
School

Yo Mama @
3.7K views * 3 weeks ago

Something went wrong. Refresh or try again later.
Learn more

Testing Phineas & Ferb
Inventions IRL

Mark Rober @

1.1M views + 8 hours ago
New

}...",1,,Shop the Yo Mama store Frank the Cop Plush Toy $14.99 Juniper Shop Juniper
2025-06-21 16:46:25,1750549585,https://www.youtube.com/watch?v=5cHl65YjB3U,YO MAMA SO Five Nights at Freddy's (FNAF) - YouTube,screenshots/screenshot_1750549585.png,"@

= ©)YouTube your mom x Q

“stay connect

H Travel solo, stay online Eshop now ]
Sponsored - esim.holafly.com

Play Bullet Bros on Poki

The more you play, the more cool
outfits and powerful guns you can
unlock.

Sponsored - poki.com

Visit site A

» Yo Mama so KAREN! Home
School

Yo Mama @
3.7K views * 3 weeks ago

Something went wrong. Refresh or try again later.
Learn more

Testing Phineas & Ferb
Inventions IRL
Mark Rober @
1.1M views + 8 hours ago
New
1,000,000 Villager MANHUNT

3 Grox @
-...",1,,Shop the Yo Mama store Frank the Cop Plush Toy $14.99 Juniper Shop Juniper
2025-06-21 16:46:32,1750549592,https://www.youtube.com/watch?v=5cHl65YjB3U,YO MAMA SO Five Nights at Freddy's (FNAF) - YouTube,screenshots/screenshot_1750549592.png,"@

03)
Q
3
5

= ©)YouTube your mom x Q

Baer teaga
ee

» ""Stay connected whe

H Travel solo, stay online Eshop now ]
Sponsored - esim.holafly.com

Play Bullet Bros on Poki

The more you play, the more cool
outfits and powerful guns you can
unlock.

Sponsored - poki.com

Visit site A

» Yo Mama so KAREN! Home
School

Yo Mama @
3.7K views * 3 weeks ago

Something went wrong. Refresh or try again later.
Learn more

Testing Phineas & Ferb
Inventions IRL

Mark Rober @

1.1M views + 8 hours ago
New

}...",1,,Shop the Yo Mama store Frank the Cop Plush Toy $14.99 Juniper Shop Juniper
2025-06-21 16:46:39,1750549599,https://www.youtube.com/watch?v=5cHl65YjB3U,YO MAMA SO Five Nights at Freddy's (FNAF) - YouTube,screenshots/screenshot_1750549599.png,"@

03)
Q
3
5

= ©)YouTube your mom x Q

H Travel solo, stay online Eshop now ]
Sponsored - esim.holafly.com

Play Bullet Bros on Poki

The more you play, the more cool
outfits and powerful guns you can
unlock.

Sponsored - poki.com

Visit site A

» Yo Mama so KAREN! Home
School

Yo Mama @
3.7K views * 3 weeks ago

Something went wrong. Refresh or try again later.
Learn more

Testing Phineas & Ferb
Inventions IRL

Mark Rober @

/ 1.1M views + 8 hours ago
New

} 1,000,000 Villager MANHUNT

Grox @
...",1,,Shop the Yo Mama store Frank the Cop Plush Toy $14.99 Juniper Shop Juniper
2025-06-21 16:46:46,1750549606,https://www.youtube.com/watch?v=5cHl65YjB3U,YO MAMA SO Five Nights at Freddy's (FNAF) - YouTube,screenshots/screenshot_1750549606.png,"= (©)Youlube

———=6
> pil @  2:38/41:55

YO MAMA SO Five Nights at Freddy's (FNAF)
Yo Mama @
5.33M subscribers F subscribe ]

5,645 views 19 hours ago
Here's a collection of jokes!
100 Yo Mama Jokes - Can You Watch Them All?
> +100 Yo Mama Jokes - Can You Watch Them All? ...more

your mom

Something went wrong. Refresh or try again later.
Learn more

4 248

@

oos GF OHO

op AY Share

IN Save

ra
L4

Travel solo, stay online Eshop now ]
Sponsored - esim.holafly.com

Play Bullet Bros on Poki

The...",1,,Shop the Yo Mama store Frank the Cop Plush Toy $14.99 Juniper Shop Juniper
2025-06-21 16:46:53,1750549613,https://www.youtube.com/watch?v=5cHl65YjB3U,YO MAMA SO Five Nights at Freddy's (FNAF) - YouTube,screenshots/screenshot_1750549613.png,"— Search Q O @ O

Baby Ultrasound Near Me

You can see your Baby in 2D, 3D, 4D,
HD, and 5D Videos and Photos
Sponsored - Bay Area 4D Ultrasound

Book now

100 NEW Yo Mama Jokes
(2019) - CAN YOU WATCH...
Yo Mama

9.8M views ° 6 years ago

Five Nights at Freddy's in Real
Life

Socks

47M views * 1 year ago

sy GIOX

SR HAHA) 1,000,000 Villager MANHUNT

3 True McDonald's Horror
Stories Animated

IMR Scary Tales
90K views + 4 days ago
New

Ranking FNAF Animatronics By
How Scary They Are

> Pi Py 0:0...",1,,Shop the Yo Mama store Frank the Cop Plush Toy $14.99 Juniper Shop Juniper
2025-06-21 16:47:01,1750549621,https://www.youtube.com/watch?v=5cHl65YjB3U,YO MAMA SO Five Nights at Freddy's (FNAF) - YouTube,screenshots/screenshot_1750549621.png,"= >) YouTube Search Q

(6) Sign in

@

Baby Ultrasound Near Me

You can see your Baby in 2D, 3D, 4D,
HD, and 5D Videos and Photos
Sponsored - Bay Area 4D Ultrasound

Booknow 1

100 NEW Yo Mama Jokes
(2019) - CAN YOU WATCH...

Yo Mama @
9.8M views ° 6 years ago

Five Nights at Freddy's in Real
Life

Socks @

47M views * 1 year ago

3 True McDonald's Horror
Stories Animated

IMR Scary Tales @

90K views + 4 days ago

New

Ranking FNAF Animatronics By

> pil  0:00/41:55 How Scary They Are
jy Denima...",1,,Shop the Yo Mama store Frank the Cop Plush Toy $14.99 Juniper Shop Juniper
2025-06-21 16:47:08,1750549628,https://www.youtube.com/watch?v=5cHl65YjB3U,YO MAMA SO Five Nights at Freddy's (FNAF) - YouTube,screenshots/screenshot_1750549628.png,"= >) YouTube Search Q

(6) Sign in

@

Baby Ultrasound Near Me

You can see your Baby in 2D, 3D, 4D,
HD, and 5D Videos and Photos
Sponsored - Bay Area 4D Ultrasound

Booknow 1

100 NEW Yo Mama Jokes
(2019) - CAN YOU WATCH...

Yo Mama @
9.8M views ° 6 years ago

Five Nights at Freddy's in Real
Life

Socks @

47M views * 1 year ago

3 True McDonald's Horror
Stories Animated

IMR Scary Tales @

90K views + 4 days ago

New

Ranking FNAF Animatronics By

> pil  0:00/41:55 How Scary They Are
jy Denima...",1,,Shop the Yo Mama store Frank the Cop Plush Toy $14.99 Juniper Shop Juniper
2025-06-21 16:47:16,1750549636,https://www.youtube.com/watch?v=5cHl65YjB3U,YO MAMA SO Five Nights at Freddy's (FNAF) - YouTube,screenshots/screenshot_1750549636.png,"= >) YouTube Search Q

(6) Sign in

@

Baby Ultrasound Near Me

You can see your Baby in 2D, 3D, 4D,
HD, and 5D Videos and Photos
Sponsored - Bay Area 4D Ultrasound

Booknow 1

100 NEW Yo Mama Jokes
(2019) - CAN YOU WATCH...

Yo Mama @
9.8M views ° 6 years ago

Five Nights at Freddy's in Real
Life

Socks @

47M views * 1 year ago

3 True McDonald's Horror
Stories Animated

IMR Scary Tales @

90K views + 4 days ago

New

Ranking FNAF Animatronics By

> pil  0:00/41:55 How Scary They Are
jy Denima...",1,,Shop the Yo Mama store Frank the Cop Plush Toy $14.99 Juniper Shop Juniper
2025-06-21 16:47:23,1750549643,https://www.youtube.com/watch?v=5cHl65YjB3U,YO MAMA SO Five Nights at Freddy's (FNAF) - YouTube,screenshots/screenshot_1750549643.png,"= >) YouTube Search Q ® Signin

@

Baby Ultrasound Near Me

You can see your Baby in 2D, 3D, 4D,
HD, and 5D Videos and Photos
Sponsored - Bay Area 4D Ultrasound

Booknow 1

100 NEW Yo Mama Jokes
(2019) - CAN YOU WATCH...

Yo Mama @
9.8M views ° 6 years ago

Five Nights at Freddy's in Real
Life

Socks @

47M views * 1 year ago

4 Hours Of Brewstew

Brewstew After-Hours
1.3M views + 4 months ago

1,000,000 Villager MANHUNT

ey GTOX O
> 69M views * 2months ago

3 True McDonald's Horror
Stories Anim...",1,,Shop the Yo Mama store Frank the Cop Plush Toy $14.99 Juniper Shop Juniper
2025-06-21 16:47:31,1750549651,https://www.youtube.com/watch?v=J75GuCvhLAE,"1,000,000 Villager MANHUNT - YouTube",screenshots/screenshot_1750549651.png,"= ©)Youlube Search Q

@

Jesus understood the
fs) struggle.

hege

Sponsored © hegetsus.com Z=

on * @ Ot:

4) 0:02 /0:30 aoe z

Il >i

1,000,000 Villager MANHUNT

Bo

5.16M subscribers
69M views 2 months ago #minecraft
GROX MERCH: https://grox.store/

5 953K = AY Share

[J Save +

Join My Discord! @/discord ...more

: ® Signin

us, _ Jesus understood the struggle. :
Sponsored - hegetsus.com

Jesus And Anger
Is anger ever justifiable? How to move forward from anger.

He Was Joyful
Jesus let his ...",1,,"Back Skip navigation Search Search with your voice Sign in {""@context"":""https://schema.org"",""@type"":""VideoObject"",""description"":""GROX MERCH: https://grox.store/\n\nJoin My Discord! https://discord.gg/53NEWU7K8G\n\nFollow me on:\n\nTwitch: @groxmc\nhttps://www.twitch.tv/groxmc\n\nInstagram: @groxirl\nhttps://www.instagram.com/groxmc\n\nX (Twitter): @groxmc\nhttps://x.com/groxmc\n\nTikTok: @groxmc\nhttps://www.tiktok.com/@groxmc\n\nFacebook: @groxofficial\n\n\nSpecial thanks to Seawatt for helping me write jokes in this video!!\n\n\nMusic:\n\nTrance Racing Game\nGod Mode - Heartbeat\n\""All This\"", \""Black Vortex\"", \""Decisions\"", \""Undaunted\"", \""Chee Zee Caves V2\"", \""Club Diver\"", \""Constance\"", \""Controlled Chaos\"", \""Danse Macabre - Low Strings Finale\"", \""Discovery Hit\"", \""Egmont Overture\"", \""Firesong\"", \""Gloom Horizon\"", \""Heart of Nowhere\"", \""Hero Down\"", \""Hot Pursuit\"", \""I Can Feel it Coming\"", \""Impact Lento\"", \""Interloper\"", \""Kick Shock\"", \""Killers\"", \""Life of Riley\"""
2025-06-21 16:47:38,1750549658,https://www.youtube.com/watch?v=J75GuCvhLAE,"1,000,000 Villager MANHUNT - YouTube",screenshots/screenshot_1750549658.png,"(6) Sign in

= (©)Youlube Search Q U

us, _ Jesus understood the struggle. E A
Sponsored - hegetsus.com
Jesus And Anger

Is anger ever justifiable? How to move forward from anger.

He Was Joyful
Jesus let his hair down, too. He Lived Life To The Full.

What Is He Gets Us?

What Is Greatness?
Do we have greatness wrong? How did Jesus define it?

Play for free

Check out these games for girls
Sponsored - pocketapk.com

Visit site A

Jesus understood the
fs) struggle.

hegetsus.com

1,000,000 Villa...",1,,"Back Skip navigation Search Search with your voice Sign in {""@context"":""https://schema.org"",""@type"":""VideoObject"",""description"":""GROX MERCH: https://grox.store/\n\nJoin My Discord! https://discord.gg/53NEWU7K8G\n\nFollow me on:\n\nTwitch: @groxmc\nhttps://www.twitch.tv/groxmc\n\nInstagram: @groxirl\nhttps://www.instagram.com/groxmc\n\nX (Twitter): @groxmc\nhttps://x.com/groxmc\n\nTikTok: @groxmc\nhttps://www.tiktok.com/@groxmc\n\nFacebook: @groxofficial\n\n\nSpecial thanks to Seawatt for helping me write jokes in this video!!\n\n\nMusic:\n\nTrance Racing Game\nGod Mode - Heartbeat\n\""All This\"", \""Black Vortex\"", \""Decisions\"", \""Undaunted\"", \""Chee Zee Caves V2\"", \""Club Diver\"", \""Constance\"", \""Controlled Chaos\"", \""Danse Macabre - Low Strings Finale\"", \""Discovery Hit\"", \""Egmont Overture\"", \""Firesong\"", \""Gloom Horizon\"", \""Heart of Nowhere\"", \""Hero Down\"", \""Hot Pursuit\"", \""I Can Feel it Coming\"", \""Impact Lento\"", \""Interloper\"", \""Kick Shock\"", \""Killers\"", \""Life of Riley\"""
2025-06-21 16:47:46,1750549666,https://www.youtube.com/watch?v=J75GuCvhLAE,"1,000,000 Villager MANHUNT - YouTube",screenshots/screenshot_1750549666.png,"(6) Sign in

= (©)Youlube Search Q U

us, _ Jesus understood the struggle. B oA
Sponsored - hegetsus.com
Jesus And Anger

eon
CAL DRE wake Tee

|
i \ Is anger ever justifiable? How to move forward from anger.
i

ei ; ites en, Oh Thre Tee
i s "" i Re a ee ee ee ee eee n
nue eee ee er ee ee Te He Was Joyful
ee ee ee ee ee Jesus let his hair down, too. He Lived Life To The Full.

3S dene QUA einer ours Ca oe
F a *. BS Lo

et nr

What Is He Gets Us?

What Is Greatness?
Do we have greatness wrong? How...",1,,"Back Skip navigation Search Search with your voice Sign in {""@context"":""https://schema.org"",""@type"":""VideoObject"",""description"":""GROX MERCH: https://grox.store/\n\nJoin My Discord! https://discord.gg/53NEWU7K8G\n\nFollow me on:\n\nTwitch: @groxmc\nhttps://www.twitch.tv/groxmc\n\nInstagram: @groxirl\nhttps://www.instagram.com/groxmc\n\nX (Twitter): @groxmc\nhttps://x.com/groxmc\n\nTikTok: @groxmc\nhttps://www.tiktok.com/@groxmc\n\nFacebook: @groxofficial\n\n\nSpecial thanks to Seawatt for helping me write jokes in this video!!\n\n\nMusic:\n\nTrance Racing Game\nGod Mode - Heartbeat\n\""All This\"", \""Black Vortex\"", \""Decisions\"", \""Undaunted\"", \""Chee Zee Caves V2\"", \""Club Diver\"", \""Constance\"", \""Controlled Chaos\"", \""Danse Macabre - Low Strings Finale\"", \""Discovery Hit\"", \""Egmont Overture\"", \""Firesong\"", \""Gloom Horizon\"", \""Heart of Nowhere\"", \""Hero Down\"", \""Hot Pursuit\"", \""I Can Feel it Coming\"", \""Impact Lento\"", \""Interloper\"", \""Kick Shock\"", \""Killers\"", \""Life of Riley\"""
2025-06-21 16:47:54,1750549674,https://www.youtube.com/watch?v=J75GuCvhLAE,"1,000,000 Villager MANHUNT - YouTube",screenshots/screenshot_1750549674.png,"= W)YouTube Search Q ® Signin

@

us, _ Jesus understood the struggle. Bw
Sponsored - hegetsus.com

Jesus And Anger
Is anger ever justifiable? How to move forward from anger.

He Was Joyful
Jesus let his hair down, too. He Lived Life To The Full.

Jesus struggled to make ends meet, too. See

Play for free :

Check out these games for girls
Sponsored - pocketapk.com

Skip Pl
Visit site A

Jesus understood the
fs) struggle.

hege 1,000,000 Villagers Simulate :
Civilization

Grox @

= 78M views + 2...",1,,"Back Skip navigation Search Search with your voice Sign in {""@context"":""https://schema.org"",""@type"":""VideoObject"",""description"":""GROX MERCH: https://grox.store/\n\nJoin My Discord! https://discord.gg/53NEWU7K8G\n\nFollow me on:\n\nTwitch: @groxmc\nhttps://www.twitch.tv/groxmc\n\nInstagram: @groxirl\nhttps://www.instagram.com/groxmc\n\nX (Twitter): @groxmc\nhttps://x.com/groxmc\n\nTikTok: @groxmc\nhttps://www.tiktok.com/@groxmc\n\nFacebook: @groxofficial\n\n\nSpecial thanks to Seawatt for helping me write jokes in this video!!\n\n\nMusic:\n\nTrance Racing Game\nGod Mode - Heartbeat\n\""All This\"", \""Black Vortex\"", \""Decisions\"", \""Undaunted\"", \""Chee Zee Caves V2\"", \""Club Diver\"", \""Constance\"", \""Controlled Chaos\"", \""Danse Macabre - Low Strings Finale\"", \""Discovery Hit\"", \""Egmont Overture\"", \""Firesong\"", \""Gloom Horizon\"", \""Heart of Nowhere\"", \""Hero Down\"", \""Hot Pursuit\"", \""I Can Feel it Coming\"", \""Impact Lento\"", \""Interloper\"", \""Kick Shock\"", \""Killers\"", \""Life of Riley\"""
2025-06-21 16:48:00,1750549680,https://www.khanacademy.org/,"Khan Academy | Free Online Courses, Lessons & Practice",screenshots/screenshot_1750549680.png,"Explore w

Help us do more

""We'll get right to the point: Less than 1% of users give to Khan Academy.
We're a nonprofit that relies on support from people like you, and we're asking
for your help. If everyone reading this gave $12 a month, Khan Academy can
continue to thrive for years. Please help keep Khan Academy free, for anyone,

anywhere forever.""

- Sal Khan, Founder and CEO

Use of cookies x

Cookies are small files placed on your device that collect
information when you use Khan Academy...",1,,"Khan Academy boosts scores!Learn with millions of people worldwide by exploring videos, tackling practice problems and getting AI-powered support.Start learning today by signing up!I'm a learnerI'm a teacherI'm a parentAre you a district admin? Learn more of our offerings on our district page.Math: Pre-K - 8th gradePre-K through grade 2 (Khan Kids)Early math review2nd grade3rd grade4th grade5th grade6th grade7th grade8th grade3rd grade math (Illustrative Math-aligned)4th grade math (Illustrative Math-aligned)5th grade math (Illustrative Math-aligned)Basic geometry and measurementSee Pre-K - 8th grade MathMath: high school & collegeAlgebra 1GeometryAlgebra 2Integrated math 1Integrated math 2Integrated math 3Algebra basicsTrigonometryPrecalculusHigh school statisticsStatistics & probabilityCollege algebraAP®︎/College Calculus ABAP®︎/College Calculus BCAP®︎/College StatisticsMultivariable calculusDifferential equationsLinear algebraSee all MathMath: Get ready coursesGet ready for 3rd grad"
2025-06-21 16:48:07,1750549687,https://www.khanacademy.org/,"Khan Academy | Free Online Courses, Lessons & Practice",screenshots/screenshot_1750549687.png,"Explore w

Help us do more

""We'll get right to the point: Less than 1% of users give to Khan Academy.
We're a nonprofit that relies on support from people like you, and we're asking
for your help. If everyone reading this gave $12 a month, Khan Academy can
continue to thrive for years. Please help keep Khan Academy free, for anyone,

anywhere forever.""

- Sal Khan, Founder and CEO

Use of cookies x

Cookies are small files placed on your device that collect
information when you use Khan Academy...",1,,"Khan Academy boosts scores!Learn with millions of people worldwide by exploring videos, tackling practice problems and getting AI-powered support.Start learning today by signing up!I'm a learnerI'm a teacherI'm a parentAre you a district admin? Learn more of our offerings on our district page.Math: Pre-K - 8th gradePre-K through grade 2 (Khan Kids)Early math review2nd grade3rd grade4th grade5th grade6th grade7th grade8th grade3rd grade math (Illustrative Math-aligned)4th grade math (Illustrative Math-aligned)5th grade math (Illustrative Math-aligned)Basic geometry and measurementSee Pre-K - 8th grade MathMath: high school & collegeAlgebra 1GeometryAlgebra 2Integrated math 1Integrated math 2Integrated math 3Algebra basicsTrigonometryPrecalculusHigh school statisticsStatistics & probabilityCollege algebraAP®︎/College Calculus ABAP®︎/College Calculus BCAP®︎/College StatisticsMultivariable calculusDifferential equationsLinear algebraSee all MathMath: Get ready coursesGet ready for 3rd grad"
2025-06-21 16:48:14,1750549694,https://www.khanacademy.org/,"Khan Academy | Free Online Courses, Lessons & Practice",screenshots/screenshot_1750549694.png,"Explore w Khan Academy Al for Teachers a Donate [7 Log in } sienup |

Help us rele) more Select gift frequency x

One time

""We'll get right to the point: Less than 1% of users give to Khan Academy.
for your help. If everyone reading this gave $12 a month, Khan Academy can

continue to thrive for years. Please help keep Khan Academy free, for anyone, © Monthly @ Yearly
anywhere forever.""

- Sal Khan, Founder and CEO Select amount

$12 $20 $30 $50 Other

Give now

By donating, you agree to our te...",1,,"Khan Academy boosts scores!Learn with millions of people worldwide by exploring videos, tackling practice problems and getting AI-powered support.Start learning today by signing up!I'm a learnerI'm a teacherI'm a parentAre you a district admin? Learn more of our offerings on our district page.Math: Pre-K - 8th gradePre-K through grade 2 (Khan Kids)Early math review2nd grade3rd grade4th grade5th grade6th grade7th grade8th grade3rd grade math (Illustrative Math-aligned)4th grade math (Illustrative Math-aligned)5th grade math (Illustrative Math-aligned)Basic geometry and measurementSee Pre-K - 8th grade MathMath: high school & collegeAlgebra 1GeometryAlgebra 2Integrated math 1Integrated math 2Integrated math 3Algebra basicsTrigonometryPrecalculusHigh school statisticsStatistics & probabilityCollege algebraAP®︎/College Calculus ABAP®︎/College Calculus BCAP®︎/College StatisticsMultivariable calculusDifferential equationsLinear algebraSee all MathMath: Get ready coursesGet ready for 3rd grad"
2025-06-21 16:48:21,1750549701,https://www.khanacademy.org/,"Khan Academy | Free Online Courses, Lessons & Practice",screenshots/screenshot_1750549701.png,"Explore w Khan Academy Al for Teachers a Donate [7 Log in } sienup |

Help us rele) more Select gift frequency x

One time

""We'll get right to the point: Less than 1% of users give to Khan Academy.
for your help. If everyone reading this gave $12 a month, Khan Academy can

continue to thrive for years. Please help keep Khan Academy free, for anyone, © Monthly @ Yearly
anywhere forever.""

- Sal Khan, Founder and CEO Select amount

$12 $20 $30 $50 Other

Give now

By donating, you agree to our te...",1,,"Khan Academy boosts scores!Learn with millions of people worldwide by exploring videos, tackling practice problems and getting AI-powered support.Start learning today by signing up!I'm a learnerI'm a teacherI'm a parentAre you a district admin? Learn more of our offerings on our district page.Math: Pre-K - 8th gradePre-K through grade 2 (Khan Kids)Early math review2nd grade3rd grade4th grade5th grade6th grade7th grade8th grade3rd grade math (Illustrative Math-aligned)4th grade math (Illustrative Math-aligned)5th grade math (Illustrative Math-aligned)Basic geometry and measurementSee Pre-K - 8th grade MathMath: high school & collegeAlgebra 1GeometryAlgebra 2Integrated math 1Integrated math 2Integrated math 3Algebra basicsTrigonometryPrecalculusHigh school statisticsStatistics & probabilityCollege algebraAP®︎/College Calculus ABAP®︎/College Calculus BCAP®︎/College StatisticsMultivariable calculusDifferential equationsLinear algebraSee all MathMath: Get ready coursesGet ready for 3rd grad"
2025-06-21 16:48:28,1750549708,https://www.khanacademy.org/,"Khan Academy | Free Online Courses, Lessons & Practice",screenshots/screenshot_1750549708.png,"Explore w Khan Academy Al for Teachers a Donate [7 Log in } sienup |

Help us rele) more Select gift frequency x

One time

""We'll get right to the point: Less than 1% of users give to Khan Academy.
for your help. If everyone reading this gave $12 a month, Khan Academy can

continue to thrive for years. Please help keep Khan Academy free, for anyone, © Monthly @ Yearly
anywhere forever.""

- Sal Khan, Founder and CEO Select amount

$12 $20 $30 $50 Other

Give now

By donating, you agree to our te...",1,,"Khan Academy boosts scores!Learn with millions of people worldwide by exploring videos, tackling practice problems and getting AI-powered support.Start learning today by signing up!I'm a learnerI'm a teacherI'm a parentAre you a district admin? Learn more of our offerings on our district page.Math: Pre-K - 8th gradePre-K through grade 2 (Khan Kids)Early math review2nd grade3rd grade4th grade5th grade6th grade7th grade8th grade3rd grade math (Illustrative Math-aligned)4th grade math (Illustrative Math-aligned)5th grade math (Illustrative Math-aligned)Basic geometry and measurementSee Pre-K - 8th grade MathMath: high school & collegeAlgebra 1GeometryAlgebra 2Integrated math 1Integrated math 2Integrated math 3Algebra basicsTrigonometryPrecalculusHigh school statisticsStatistics & probabilityCollege algebraAP®︎/College Calculus ABAP®︎/College Calculus BCAP®︎/College StatisticsMultivariable calculusDifferential equationsLinear algebraSee all MathMath: Get ready coursesGet ready for 3rd grad"
